t_ms,step,beam,score,prefix,next_token_id,next_token_str,new_seq
1761104509208,0,0,,,-1,,
1761104509208,0,1,,,-1,,
1761104509208,0,2,,,-1,,
1761104509242,1,0,,,-1,,
1761104509242,1,1,,,-1,,
1761104509242,1,2,,,-1,,
1761104509271,2,0,,,-1,,
1761104509271,2,1,,,-1,,
1761104509271,2,2,,,-1,,
1761104509300,3,0,,,-1,,
1761104509300,3,1,,,-1,,
1761104509300,3,2,,,-1,,
1761104509329,4,0,,,-1,,
1761104509329,4,1,,,-1,,
1761104509329,4,2,,,-1,,
1761104509357,5,0,,,-1,,
1761104509357,5,1,,,-1,,
1761104509357,5,2,,,-1,,
1761104509386,6,0,,,-1,,
1761104509386,6,1,,,-1,,
1761104509386,6,2,,,-1,,
1761104509415,7,0,,,-1,,
1761104509415,7,1,,,-1,,
1761104509415,7,2,,,-1,,
1761104509444,8,0,,,-1,,
1761104509444,8,1,,,-1,,
1761104509444,8,2,,,-1,,
1761104509473,9,0,,,-1,,
1761104509473,9,1,,,-1,,
1761104509473,9,2,,,-1,,
1761104509503,10,0,,,-1,,
1761104509503,10,1,,,-1,,
1761104509503,10,2,,,-1,,
1761104509531,11,0,,,-1,,
1761104509531,11,1,,,-1,,
1761104509531,11,2,,,-1,,
1761104509561,12,0,,,-1,,
1761104509561,12,1,,,-1,,
1761104509561,12,2,,,-1,,
1761104509590,13,0,,,-1,,
1761104509590,13,1,,,-1,,
1761104509590,13,2,,,-1,,
1761104509619,14,0,,,-1,,
1761104509619,14,1,,,-1,,
1761104509619,14,2,,,-1,,
1761104509648,15,0,,,-1,,
1761104509648,15,1,,,-1,,
1761104509648,15,2,,,-1,,
1761104509677,16,0,,,-1,,
1761104509677,16,1,,,-1,,
1761104509677,16,2,,,-1,,
1761104509707,17,0,,,-1,,
1761104509707,17,1,,,-1,,
1761104509707,17,2,,,-1,,
1761104509736,18,0,,,-1,,
1761104509736,18,1,,,-1,,
1761104509736,18,2,,,-1,,
1761104509765,19,0,,,-1,,
1761104509765,19,1,,,-1,,
1761104509765,19,2,,,-1,,
1761104509794,20,0,,,-1,,
1761104509794,20,1,,,-1,,
1761104509794,20,2,,,-1,,
1761104509824,21,0,,,-1,,
1761104509824,21,1,,,-1,,
1761104509824,21,2,,,-1,,
1761104509853,22,0,,,-1,,
1761104509853,22,1,,,-1,,
1761104509853,22,2,,,-1,,
1761104509882,23,0,,,-1,,
1761104509882,23,1,,,-1,,
1761104509882,23,2,,,-1,,
1761104509911,24,0,,,-1,,
1761104509911,24,1,,,-1,,
1761104509911,24,2,,,-1,,
1761104509941,25,0,,,-1,,
1761104509941,25,1,,,-1,,
1761104509941,25,2,,,-1,,
1761104509971,26,0,,,-1,,
1761104509971,26,1,,,-1,,
1761104509971,26,2,,,-1,,
1761104510001,27,0,,,-1,,
1761104510001,27,1,,,-1,,
1761104510001,27,2,,,-1,,
1761104510032,28,0,,,-1,,
1761104510032,28,1,,,-1,,
1761104510032,28,2,,,-1,,
1761104510062,29,0,,,-1,,
1761104510062,29,1,,,-1,,
1761104510062,29,2,,,-1,,
1761104510091,30,0,,,-1,,
1761104510091,30,1,,,-1,,
1761104510091,30,2,,,-1,,
1761104510121,31,0,,,-1,,
1761104510121,31,1,,,-1,,
1761104510121,31,2,,,-1,,
1761104510150,32,0,,,-1,,
1761104510150,32,1,,,-1,,
1761104510150,32,2,,,-1,,
1761104510180,33,0,,,-1,,
1761104510180,33,1,,,-1,,
1761104510180,33,2,,,-1,,
1761104510210,34,0,,,-1,,
1761104510210,34,1,,,-1,,
1761104510210,34,2,,,-1,,
1761104510240,35,0,,,-1,,
1761104510240,35,1,,,-1,,
1761104510240,35,2,,,-1,,
1761104510270,36,0,,,-1,,
1761104510270,36,1,,,-1,,
1761104510270,36,2,,,-1,,
1761104510300,37,0,,,-1,,
1761104510300,37,1,,,-1,,
1761104510300,37,2,,,-1,,
1761104510330,38,0,,,-1,,
1761104510330,38,1,,,-1,,
1761104510330,38,2,,,-1,,
1761104510360,39,0,,,-1,,
1761104510360,39,1,,,-1,,
1761104510360,39,2,,,-1,,
1761104510391,40,0,,,-1,,
1761104510391,40,1,,,-1,,
1761104510391,40,2,,,-1,,
1761104510421,41,0,,,-1,,
1761104510421,41,1,,,-1,,
1761104510421,41,2,,,-1,,
1761104510451,42,0,,,-1,,
1761104510451,42,1,,,-1,,
1761104510451,42,2,,,-1,,
1761104510482,43,0,,,-1,,
1761104510482,43,1,,,-1,,
1761104510482,43,2,,,-1,,
1761104510512,44,0,,,-1,,
1761104510512,44,1,,,-1,,
1761104510512,44,2,,,-1,,
1761104510542,45,0,,,-1,,
1761104510542,45,1,,,-1,,
1761104510542,45,2,,,-1,,
1761104510573,46,0,,,-1,,
1761104510573,46,1,,,-1,,
1761104510573,46,2,,,-1,,
1761104510603,47,0,,,-1,,
1761104510603,47,1,,,-1,,
1761104510603,47,2,,,-1,,
1761104510633,48,0,,,-1,,
1761104510633,48,1,,,-1,,
1761104510633,48,2,,,-1,,
1761104510664,49,0,,,-1,,
1761104510664,49,1,,,-1,,
1761104510664,49,2,,,-1,,
1761104510694,50,0,,,-1,,
1761104510694,50,1,,,-1,,
1761104510694,50,2,,,-1,,
1761104510724,51,0,,,-1,,
1761104510724,51,1,,,-1,,
1761104510724,51,2,,,-1,,
1761104510755,52,0,,,-1,,
1761104510755,52,1,,,-1,,
1761104510755,52,2,,,-1,,
1761104510785,53,0,,,-1,,
1761104510785,53,1,,,-1,,
1761104510785,53,2,,,-1,,
1761104510816,54,0,,,-1,,
1761104510816,54,1,,,-1,,
1761104510816,54,2,,,-1,,
1761104510846,55,0,,,-1,,
1761104510846,55,1,,,-1,,
1761104510846,55,2,,,-1,,
1761104510877,56,0,,,-1,,
1761104510877,56,1,,,-1,,
1761104510877,56,2,,,-1,,
1761104510907,57,0,,,-1,,
1761104510907,57,1,,,-1,,
1761104510907,57,2,,,-1,,
1761104510938,58,0,,,-1,,
1761104510938,58,1,,,-1,,
1761104510938,58,2,,,-1,,
1761104510968,59,0,,,-1,,
1761104510968,59,1,,,-1,,
1761104510968,59,2,,,-1,,
1761104510998,60,0,,,-1,,
1761104510998,60,1,,,-1,,
1761104510998,60,2,,,-1,,
1761104511029,61,0,,,-1,,
1761104511029,61,1,,,-1,,
1761104511029,61,2,,,-1,,
1761104511059,62,0,,,-1,,
1761104511059,62,1,,,-1,,
1761104511059,62,2,,,-1,,
1761104511090,63,0,,,-1,,
1761104511090,63,1,,,-1,,
1761104511090,63,2,,,-1,,
1761104511121,64,0,,,-1,,
1761104511121,64,1,,,-1,,
1761104511121,64,2,,,-1,,
1761104511151,65,0,,,-1,,
1761104511151,65,1,,,-1,,
1761104511151,65,2,,,-1,,
1761104511182,66,0,,,-1,,
1761104511182,66,1,,,-1,,
1761104511182,66,2,,,-1,,
1761104511213,67,0,,,-1,,
1761104511213,67,1,,,-1,,
1761104511213,67,2,,,-1,,
1761104511243,68,0,,,-1,,
1761104511243,68,1,,,-1,,
1761104511243,68,2,,,-1,,
1761104511274,69,0,,,-1,,
1761104511274,69,1,,,-1,,
1761104511274,69,2,,,-1,,
1761104511304,70,0,,,-1,,
1761104511304,70,1,,,-1,,
1761104511304,70,2,,,-1,,
1761104511334,71,0,,,-1,,
1761104511334,71,1,,,-1,,
1761104511334,71,2,,,-1,,
1761104511365,72,0,,,-1,,
1761104511365,72,1,,,-1,,
1761104511365,72,2,,,-1,,
1761104511396,73,0,,,-1,,
1761104511396,73,1,,,-1,,
1761104511396,73,2,,,-1,,
1761104511426,74,0,,,-1,,
1761104511426,74,1,,,-1,,
1761104511426,74,2,,,-1,,
1761104511457,75,0,,,-1,,
1761104511457,75,1,,,-1,,
1761104511457,75,2,,,-1,,
1761104511488,76,0,,,-1,,
1761104511488,76,1,,,-1,,
1761104511488,76,2,,,-1,,
1761104511519,77,0,,,-1,,
1761104511519,77,1,,,-1,,
1761104511519,77,2,,,-1,,
1761104511549,78,0,,,-1,,
1761104511549,78,1,,,-1,,
1761104511549,78,2,,,-1,,
1761104511580,79,0,,,-1,,
1761104511580,79,1,,,-1,,
1761104511580,79,2,,,-1,,
1761104511610,80,0,,,-1,,
1761104511610,80,1,,,-1,,
1761104511610,80,2,,,-1,,
1761104511641,81,0,,,-1,,
1761104511641,81,1,,,-1,,
1761104511641,81,2,,,-1,,
1761104511672,82,0,,,-1,,
1761104511672,82,1,,,-1,,
1761104511672,82,2,,,-1,,
1761104511702,83,0,,,-1,,
1761104511702,83,1,,,-1,,
1761104511702,83,2,,,-1,,
1761104511733,84,0,,,-1,,
1761104511733,84,1,,,-1,,
1761104511733,84,2,,,-1,,
1761104511764,85,0,,,-1,,
1761104511764,85,1,,,-1,,
1761104511764,85,2,,,-1,,
1761104511794,86,0,,,-1,,
1761104511794,86,1,,,-1,,
1761104511794,86,2,,,-1,,
1761104511825,87,0,,,-1,,
1761104511825,87,1,,,-1,,
1761104511825,87,2,,,-1,,
1761104511856,88,0,,,-1,,
1761104511856,88,1,,,-1,,
1761104511856,88,2,,,-1,,
1761104511886,89,0,,,-1,,
1761104511886,89,1,,,-1,,
1761104511886,89,2,,,-1,,
1761104511917,90,0,,,-1,,
1761104511917,90,1,,,-1,,
1761104511917,90,2,,,-1,,
1761104511949,91,0,,,-1,,
1761104511949,91,1,,,-1,,
1761104511949,91,2,,,-1,,
1761104511980,92,0,,,-1,,
1761104511980,92,1,,,-1,,
1761104511980,92,2,,,-1,,
1761104512010,93,0,,,-1,,
1761104512010,93,1,,,-1,,
1761104512010,93,2,,,-1,,
1761104512042,94,0,,,-1,,
1761104512042,94,1,,,-1,,
1761104512042,94,2,,,-1,,
1761104512075,95,0,,,-1,,
1761104512075,95,1,,,-1,,
1761104512075,95,2,,,-1,,
1761104512106,96,0,,,-1,,
1761104512106,96,1,,,-1,,
1761104512106,96,2,,,-1,,
1761104512137,97,0,,,-1,,
1761104512137,97,1,,,-1,,
1761104512137,97,2,,,-1,,
1761104512169,98,0,,,-1,,
1761104512169,98,1,,,-1,,
1761104512169,98,2,,,-1,,
1761104512200,99,0,,,-1,,
1761104512200,99,1,,,-1,,
1761104512200,99,2,,,-1,,
1761104512232,100,0,,,-1,,
1761104512232,100,1,,,-1,,
1761104512232,100,2,,,-1,,
1761104512264,101,0,,,-1,,
1761104512264,101,1,,,-1,,
1761104512264,101,2,,,-1,,
1761104512295,102,0,,,-1,,
1761104512295,102,1,,,-1,,
1761104512295,102,2,,,-1,,
1761104512326,103,0,,,-1,,
1761104512326,103,1,,,-1,,
1761104512326,103,2,,,-1,,
1761104512358,104,0,,,-1,,
1761104512358,104,1,,,-1,,
1761104512358,104,2,,,-1,,
1761104512390,105,0,,,-1,,
1761104512390,105,1,,,-1,,
1761104512390,105,2,,,-1,,
1761104512422,106,0,,,-1,,
1761104512422,106,1,,,-1,,
1761104512422,106,2,,,-1,,
1761104512454,107,0,,,-1,,
1761104512454,107,1,,,-1,,
1761104512454,107,2,,,-1,,
1761104512486,108,0,,,-1,,
1761104512486,108,1,,,-1,,
1761104512486,108,2,,,-1,,
1761104512518,109,0,,,-1,,
1761104512518,109,1,,,-1,,
1761104512518,109,2,,,-1,,
1761104512549,110,0,,,-1,,
1761104512549,110,1,,,-1,,
1761104512549,110,2,,,-1,,
1761104512581,111,0,,,-1,,
1761104512581,111,1,,,-1,,
1761104512581,111,2,,,-1,,
1761104512612,112,0,,,-1,,
1761104512612,112,1,,,-1,,
1761104512612,112,2,,,-1,,
1761104512644,113,0,,,-1,,
1761104512644,113,1,,,-1,,
1761104512644,113,2,,,-1,,
1761104512676,114,0,,,-1,,
1761104512676,114,1,,,-1,,
1761104512676,114,2,,,-1,,
1761104512708,115,0,,,-1,,
1761104512708,115,1,,,-1,,
1761104512708,115,2,,,-1,,
1761104512739,116,0,,,-1,,
1761104512739,116,1,,,-1,,
1761104512739,116,2,,,-1,,
1761104512771,117,0,,,-1,,
1761104512771,117,1,,,-1,,
1761104512771,117,2,,,-1,,
1761104512803,118,0,,,-1,,
1761104512803,118,1,,,-1,,
1761104512803,118,2,,,-1,,
1761104512834,119,0,,,-1,,
1761104512834,119,1,,,-1,,
1761104512834,119,2,,,-1,,
1761104512866,120,0,,,-1,,
1761104512866,120,1,,,-1,,
1761104512866,120,2,,,-1,,
1761104512898,121,0,,,-1,,
1761104512898,121,1,,,-1,,
1761104512898,121,2,,,-1,,
1761104512930,122,0,,,-1,,
1761104512930,122,1,,,-1,,
1761104512930,122,2,,,-1,,
1761104512961,123,0,,,-1,,
1761104512961,123,1,,,-1,,
1761104512962,123,2,,,-1,,
1761104512994,124,0,,,-1,,
1761104512994,124,1,,,-1,,
1761104512994,124,2,,,-1,,
1761104513025,125,0,,,-1,,
1761104513025,125,1,,,-1,,
1761104513025,125,2,,,-1,,
1761104513057,126,0,,,-1,,
1761104513057,126,1,,,-1,,
1761104513057,126,2,,,-1,,
1761104513089,127,0,,,-1,,
1761104513089,127,1,,,-1,,
1761104513089,127,2,,,-1,,
1761104513120,128,0,,,-1,,
1761104513120,128,1,,,-1,,
1761104513120,128,2,,,-1,,
1761104513152,129,0,,,-1,,
1761104513152,129,1,,,-1,,
1761104513152,129,2,,,-1,,
1761104513184,130,0,,,-1,,
1761104513184,130,1,,,-1,,
1761104513184,130,2,,,-1,,
1761104513216,131,0,,,-1,,
1761104513216,131,1,,,-1,,
1761104513216,131,2,,,-1,,
1761104513248,132,0,,,-1,,
1761104513248,132,1,,,-1,,
1761104513248,132,2,,,-1,,
1761104513280,133,0,,,-1,,
1761104513280,133,1,,,-1,,
1761104513280,133,2,,,-1,,
1761104513312,134,0,,,-1,,
1761104513312,134,1,,,-1,,
1761104513312,134,2,,,-1,,
1761104513343,135,0,,,-1,,
1761104513343,135,1,,,-1,,
1761104513343,135,2,,,-1,,
1761104513375,136,0,,,-1,,
1761104513375,136,1,,,-1,,
1761104513375,136,2,,,-1,,
1761104513408,137,0,,,-1,,
1761104513408,137,1,,,-1,,
1761104513408,137,2,,,-1,,
1761104513440,138,0,,,-1,,
1761104513440,138,1,,,-1,,
1761104513440,138,2,,,-1,,
1761104513472,139,0,,,-1,,
1761104513472,139,1,,,-1,,
1761104513472,139,2,,,-1,,
1761104513504,140,0,,,-1,,
1761104513504,140,1,,,-1,,
1761104513504,140,2,,,-1,,
1761104513536,141,0,,,-1,,
1761104513536,141,1,,,-1,,
1761104513536,141,2,,,-1,,
1761104513568,142,0,,,-1,,
1761104513568,142,1,,,-1,,
1761104513568,142,2,,,-1,,
1761104513600,143,0,,,-1,,
1761104513600,143,1,,,-1,,
1761104513600,143,2,,,-1,,
1761104513632,144,0,,,-1,,
1761104513632,144,1,,,-1,,
1761104513632,144,2,,,-1,,
1761104513664,145,0,,,-1,,
1761104513664,145,1,,,-1,,
1761104513664,145,2,,,-1,,
1761104513696,146,0,,,-1,,
1761104513696,146,1,,,-1,,
1761104513696,146,2,,,-1,,
1761104513728,147,0,,,-1,,
1761104513728,147,1,,,-1,,
1761104513728,147,2,,,-1,,
1761104513760,148,0,,,-1,,
1761104513760,148,1,,,-1,,
1761104513760,148,2,,,-1,,
1761104513792,149,0,,,-1,,
1761104513792,149,1,,,-1,,
1761104513792,149,2,,,-1,,
1761104513824,150,0,,,-1,,
1761104513824,150,1,,,-1,,
1761104513824,150,2,,,-1,,
1761104513857,151,0,,,-1,,
1761104513857,151,1,,,-1,,
1761104513857,151,2,,,-1,,
1761104513888,152,0,,,-1,,
1761104513888,152,1,,,-1,,
1761104513888,152,2,,,-1,,
1761104513920,153,0,,,-1,,
1761104513920,153,1,,,-1,,
1761104513920,153,2,,,-1,,
1761104513953,154,0,,,-1,,
1761104513953,154,1,,,-1,,
1761104513953,154,2,,,-1,,
1761104513985,155,0,,,-1,,
1761104513985,155,1,,,-1,,
1761104513985,155,2,,,-1,,
1761104514017,156,0,,,-1,,
1761104514017,156,1,,,-1,,
1761104514017,156,2,,,-1,,
1761104514049,157,0,,,-1,,
1761104514049,157,1,,,-1,,
1761104514049,157,2,,,-1,,
1761104514082,158,0,,,-1,,
1761104514082,158,1,,,-1,,
1761104514082,158,2,,,-1,,
1761104514116,159,0,,,-1,,
1761104514116,159,1,,,-1,,
1761104514116,159,2,,,-1,,
1761104514149,160,0,,,-1,,
1761104514149,160,1,,,-1,,
1761104514149,160,2,,,-1,,
1761104514181,161,0,,,-1,,
1761104514181,161,1,,,-1,,
1761104514181,161,2,,,-1,,
1761104514214,162,0,,,-1,,
1761104514214,162,1,,,-1,,
1761104514214,162,2,,,-1,,
1761104514247,163,0,,,-1,,
1761104514247,163,1,,,-1,,
1761104514247,163,2,,,-1,,
1761104514280,164,0,,,-1,,
1761104514280,164,1,,,-1,,
1761104514280,164,2,,,-1,,
1761104514313,165,0,,,-1,,
1761104514313,165,1,,,-1,,
1761104514313,165,2,,,-1,,
1761104514346,166,0,,,-1,,
1761104514346,166,1,,,-1,,
1761104514346,166,2,,,-1,,
1761104514379,167,0,,,-1,,
1761104514379,167,1,,,-1,,
1761104514379,167,2,,,-1,,
1761104514412,168,0,,,-1,,
1761104514412,168,1,,,-1,,
1761104514412,168,2,,,-1,,
1761104514445,169,0,,,-1,,
1761104514445,169,1,,,-1,,
1761104514445,169,2,,,-1,,
1761104514478,170,0,,,-1,,
1761104514478,170,1,,,-1,,
1761104514478,170,2,,,-1,,
1761104514511,171,0,,,-1,,
1761104514511,171,1,,,-1,,
1761104514511,171,2,,,-1,,
1761104514545,172,0,,,-1,,
1761104514545,172,1,,,-1,,
1761104514545,172,2,,,-1,,
1761104514577,173,0,,,-1,,
1761104514577,173,1,,,-1,,
1761104514577,173,2,,,-1,,
1761104514610,174,0,,,-1,,
1761104514610,174,1,,,-1,,
1761104514610,174,2,,,-1,,
1761104514643,175,0,,,-1,,
1761104514643,175,1,,,-1,,
1761104514643,175,2,,,-1,,
1761104514677,176,0,,,-1,,
1761104514677,176,1,,,-1,,
1761104514677,176,2,,,-1,,
1761104514710,177,0,,,-1,,
1761104514710,177,1,,,-1,,
1761104514710,177,2,,,-1,,
1761104514743,178,0,,,-1,,
1761104514743,178,1,,,-1,,
1761104514743,178,2,,,-1,,
1761104514776,179,0,,,-1,,
1761104514776,179,1,,,-1,,
1761104514776,179,2,,,-1,,
1761104514810,180,0,,,-1,,
1761104514810,180,1,,,-1,,
1761104514810,180,2,,,-1,,
1761104514843,181,0,,,-1,,
1761104514843,181,1,,,-1,,
1761104514843,181,2,,,-1,,
1761104514877,182,0,,,-1,,
1761104514877,182,1,,,-1,,
1761104514877,182,2,,,-1,,
1761104514910,183,0,,,-1,,
1761104514910,183,1,,,-1,,
1761104514910,183,2,,,-1,,
1761104514943,184,0,,,-1,,
1761104514943,184,1,,,-1,,
1761104514943,184,2,,,-1,,
1761104514976,185,0,,,-1,,
1761104514976,185,1,,,-1,,
1761104514976,185,2,,,-1,,
1761104515010,186,0,,,-1,,
1761104515010,186,1,,,-1,,
1761104515010,186,2,,,-1,,
1761104515043,187,0,,,-1,,
1761104515043,187,1,,,-1,,
1761104515043,187,2,,,-1,,
1761104515076,188,0,,,-1,,
1761104515076,188,1,,,-1,,
1761104515076,188,2,,,-1,,
1761104515109,189,0,,,-1,,
1761104515109,189,1,,,-1,,
1761104515109,189,2,,,-1,,
1761104515142,190,0,,,-1,,
1761104515142,190,1,,,-1,,
1761104515142,190,2,,,-1,,
1761104515175,191,0,,,-1,,
1761104515175,191,1,,,-1,,
1761104515175,191,2,,,-1,,
1761104515209,192,0,,,-1,,
1761104515209,192,1,,,-1,,
1761104515209,192,2,,,-1,,
1761104515242,193,0,,,-1,,
1761104515242,193,1,,,-1,,
1761104515242,193,2,,,-1,,
1761104515275,194,0,,,-1,,
1761104515275,194,1,,,-1,,
1761104515275,194,2,,,-1,,
1761104515309,195,0,,,-1,,
1761104515309,195,1,,,-1,,
1761104515309,195,2,,,-1,,
1761104515342,196,0,,,-1,,
1761104515342,196,1,,,-1,,
1761104515342,196,2,,,-1,,
1761104515375,197,0,,,-1,,
1761104515375,197,1,,,-1,,
1761104515375,197,2,,,-1,,
1761104515409,198,0,,,-1,,
1761104515409,198,1,,,-1,,
1761104515409,198,2,,,-1,,
1761104515442,199,0,,,-1,,
1761104515442,199,1,,,-1,,
1761104515442,199,2,,,-1,,
1761104515475,200,0,,,-1,,
1761104515475,200,1,,,-1,,
1761104515475,200,2,,,-1,,
1761104515509,201,0,,,-1,,
1761104515509,201,1,,,-1,,
1761104515509,201,2,,,-1,,
1761104515542,202,0,,,-1,,
1761104515542,202,1,,,-1,,
1761104515542,202,2,,,-1,,
1761104515576,203,0,,,-1,,
1761104515576,203,1,,,-1,,
1761104515576,203,2,,,-1,,
1761104515609,204,0,,,-1,,
1761104515609,204,1,,,-1,,
1761104515609,204,2,,,-1,,
1761104515643,205,0,,,-1,,
1761104515643,205,1,,,-1,,
1761104515643,205,2,,,-1,,
1761104515676,206,0,,,-1,,
1761104515676,206,1,,,-1,,
1761104515676,206,2,,,-1,,
1761104515709,207,0,,,-1,,
1761104515709,207,1,,,-1,,
1761104515709,207,2,,,-1,,
1761104515743,208,0,,,-1,,
1761104515743,208,1,,,-1,,
1761104515743,208,2,,,-1,,
1761104515776,209,0,,,-1,,
1761104515776,209,1,,,-1,,
1761104515776,209,2,,,-1,,
1761104515809,210,0,,,-1,,
1761104515809,210,1,,,-1,,
1761104515809,210,2,,,-1,,
1761104515843,211,0,,,-1,,
1761104515843,211,1,,,-1,,
1761104515843,211,2,,,-1,,
1761104515876,212,0,,,-1,,
1761104515876,212,1,,,-1,,
1761104515876,212,2,,,-1,,
1761104515910,213,0,,,-1,,
1761104515910,213,1,,,-1,,
1761104515910,213,2,,,-1,,
1761104515943,214,0,,,-1,,
1761104515943,214,1,,,-1,,
1761104515943,214,2,,,-1,,
1761104515978,215,0,,,-1,,
1761104515978,215,1,,,-1,,
1761104515978,215,2,,,-1,,
1761104516012,216,0,,,-1,,
1761104516012,216,1,,,-1,,
1761104516012,216,2,,,-1,,
1761104516045,217,0,,,-1,,
1761104516045,217,1,,,-1,,
1761104516045,217,2,,,-1,,
1761104516079,218,0,,,-1,,
1761104516079,218,1,,,-1,,
1761104516079,218,2,,,-1,,
1761104516113,219,0,,,-1,,
1761104516113,219,1,,,-1,,
1761104516113,219,2,,,-1,,
1761104516147,220,0,,,-1,,
1761104516147,220,1,,,-1,,
1761104516147,220,2,,,-1,,
1761104516182,221,0,,,-1,,
1761104516182,221,1,,,-1,,
1761104516182,221,2,,,-1,,
1761104516215,222,0,,,-1,,
1761104516215,222,1,,,-1,,
1761104516215,222,2,,,-1,,
1761104516249,223,0,,,-1,,
1761104516249,223,1,,,-1,,
1761104516249,223,2,,,-1,,
1761104518068,224,0,,,-1,,
1761104518068,224,1,,,-1,,
1761104518068,224,2,,,-1,,
1761104518097,225,0,,,-1,,
1761104518097,225,1,,,-1,,
1761104518097,225,2,,,-1,,
1761104518126,226,0,,,-1,,
1761104518126,226,1,,,-1,,
1761104518126,226,2,,,-1,,
1761104518154,227,0,,,-1,,
1761104518154,227,1,,,-1,,
1761104518154,227,2,,,-1,,
1761104518184,228,0,,,-1,,
1761104518184,228,1,,,-1,,
1761104518184,228,2,,,-1,,
1761104518214,229,0,,,-1,,
1761104518214,229,1,,,-1,,
1761104518214,229,2,,,-1,,
1761104518243,230,0,,,-1,,
1761104518243,230,1,,,-1,,
1761104518243,230,2,,,-1,,
1761104518272,231,0,,,-1,,
1761104518272,231,1,,,-1,,
1761104518272,231,2,,,-1,,
1761104518302,232,0,,,-1,,
1761104518302,232,1,,,-1,,
1761104518302,232,2,,,-1,,
1761104518331,233,0,,,-1,,
1761104518331,233,1,,,-1,,
1761104518331,233,2,,,-1,,
1761104518359,234,0,,,-1,,
1761104518359,234,1,,,-1,,
1761104518359,234,2,,,-1,,
1761104518388,235,0,,,-1,,
1761104518388,235,1,,,-1,,
1761104518388,235,2,,,-1,,
1761104518417,236,0,,,-1,,
1761104518417,236,1,,,-1,,
1761104518417,236,2,,,-1,,
1761104518445,237,0,,,-1,,
1761104518445,237,1,,,-1,,
1761104518445,237,2,,,-1,,
1761104518474,238,0,,,-1,,
1761104518474,238,1,,,-1,,
1761104518474,238,2,,,-1,,
1761104518503,239,0,,,-1,,
1761104518503,239,1,,,-1,,
1761104518503,239,2,,,-1,,
1761104518532,240,0,,,-1,,
1761104518532,240,1,,,-1,,
1761104518532,240,2,,,-1,,
1761104518561,241,0,,,-1,,
1761104518561,241,1,,,-1,,
1761104518561,241,2,,,-1,,
1761104518589,242,0,,,-1,,
1761104518589,242,1,,,-1,,
1761104518589,242,2,,,-1,,
1761104518618,243,0,,,-1,,
1761104518618,243,1,,,-1,,
1761104518618,243,2,,,-1,,
1761104518647,244,0,,,-1,,
1761104518647,244,1,,,-1,,
1761104518647,244,2,,,-1,,
1761104518675,245,0,,,-1,,
1761104518675,245,1,,,-1,,
1761104518675,245,2,,,-1,,
1761104518704,246,0,,,-1,,
1761104518704,246,1,,,-1,,
1761104518704,246,2,,,-1,,
1761104518733,247,0,,,-1,,
1761104518733,247,1,,,-1,,
1761104518733,247,2,,,-1,,
1761104518761,248,0,,,-1,,
1761104518761,248,1,,,-1,,
1761104518761,248,2,,,-1,,
1761104518790,249,0,,,-1,,
1761104518790,249,1,,,-1,,
1761104518790,249,2,,,-1,,
1761104518819,250,0,,,-1,,
1761104518819,250,1,,,-1,,
1761104518819,250,2,,,-1,,
1761104518848,251,0,,,-1,,
1761104518848,251,1,,,-1,,
1761104518848,251,2,,,-1,,
1761104518877,252,0,,,-1,,
1761104518877,252,1,,,-1,,
1761104518877,252,2,,,-1,,
1761104518906,253,0,,,-1,,
1761104518906,253,1,,,-1,,
1761104518906,253,2,,,-1,,
1761104518935,254,0,,,-1,,
1761104518935,254,1,,,-1,,
1761104518935,254,2,,,-1,,
1761104518965,255,0,,,-1,,
1761104518965,255,1,,,-1,,
1761104518965,255,2,,,-1,,
1761104518994,256,0,,,-1,,
1761104518994,256,1,,,-1,,
1761104518994,256,2,,,-1,,
1761104519023,257,0,,,-1,,
1761104519023,257,1,,,-1,,
1761104519023,257,2,,,-1,,
1761104519051,258,0,,,-1,,
1761104519052,258,1,,,-1,,
1761104519052,258,2,,,-1,,
1761104519081,259,0,,,-1,,
1761104519081,259,1,,,-1,,
1761104519081,259,2,,,-1,,
1761104519110,260,0,,,-1,,
1761104519110,260,1,,,-1,,
1761104519110,260,2,,,-1,,
1761104519139,261,0,,,-1,,
1761104519139,261,1,,,-1,,
1761104519139,261,2,,,-1,,
1761104519168,262,0,,,-1,,
1761104519168,262,1,,,-1,,
1761104519168,262,2,,,-1,,
1761104519198,263,0,,,-1,,
1761104519198,263,1,,,-1,,
1761104519198,263,2,,,-1,,
1761104519227,264,0,,,-1,,
1761104519227,264,1,,,-1,,
1761104519227,264,2,,,-1,,
1761104519256,265,0,,,-1,,
1761104519256,265,1,,,-1,,
1761104519256,265,2,,,-1,,
1761104519285,266,0,,,-1,,
1761104519285,266,1,,,-1,,
1761104519285,266,2,,,-1,,
1761104519314,267,0,,,-1,,
1761104519314,267,1,,,-1,,
1761104519314,267,2,,,-1,,
1761104519343,268,0,,,-1,,
1761104519343,268,1,,,-1,,
1761104519343,268,2,,,-1,,
1761104519372,269,0,,,-1,,
1761104519372,269,1,,,-1,,
1761104519372,269,2,,,-1,,
1761104519401,270,0,,,-1,,
1761104519401,270,1,,,-1,,
1761104519401,270,2,,,-1,,
1761104519430,271,0,,,-1,,
1761104519430,271,1,,,-1,,
1761104519430,271,2,,,-1,,
1761104519459,272,0,,,-1,,
1761104519459,272,1,,,-1,,
1761104519459,272,2,,,-1,,
1761104519488,273,0,,,-1,,
1761104519488,273,1,,,-1,,
1761104519488,273,2,,,-1,,
1761104519517,274,0,,,-1,,
1761104519517,274,1,,,-1,,
1761104519517,274,2,,,-1,,
1761104519546,275,0,,,-1,,
1761104519546,275,1,,,-1,,
1761104519546,275,2,,,-1,,
1761104519575,276,0,,,-1,,
1761104519575,276,1,,,-1,,
1761104519575,276,2,,,-1,,
1761104519604,277,0,,,-1,,
1761104519604,277,1,,,-1,,
1761104519604,277,2,,,-1,,
1761104519633,278,0,,,-1,,
1761104519633,278,1,,,-1,,
1761104519633,278,2,,,-1,,
1761104519662,279,0,,,-1,,
1761104519662,279,1,,,-1,,
1761104519662,279,2,,,-1,,
1761104519692,280,0,,,-1,,
1761104519692,280,1,,,-1,,
1761104519692,280,2,,,-1,,
1761104519722,281,0,,,-1,,
1761104519722,281,1,,,-1,,
1761104519722,281,2,,,-1,,
1761104519751,282,0,,,-1,,
1761104519751,282,1,,,-1,,
1761104519751,282,2,,,-1,,
1761104519781,283,0,,,-1,,
1761104519781,283,1,,,-1,,
1761104519781,283,2,,,-1,,
1761104519810,284,0,,,-1,,
1761104519810,284,1,,,-1,,
1761104519810,284,2,,,-1,,
1761104519840,285,0,,,-1,,
1761104519840,285,1,,,-1,,
1761104519840,285,2,,,-1,,
1761104519870,286,0,,,-1,,
1761104519870,286,1,,,-1,,
1761104519870,286,2,,,-1,,
1761104519900,287,0,,,-1,,
1761104519900,287,1,,,-1,,
1761104519900,287,2,,,-1,,
1761104519929,288,0,,,-1,,
1761104519929,288,1,,,-1,,
1761104519929,288,2,,,-1,,
1761104519959,289,0,,,-1,,
1761104519959,289,1,,,-1,,
1761104519959,289,2,,,-1,,
1761104519989,290,0,,,-1,,
1761104519989,290,1,,,-1,,
1761104519989,290,2,,,-1,,
1761104520019,291,0,,,-1,,
1761104520019,291,1,,,-1,,
1761104520019,291,2,,,-1,,
1761104520049,292,0,,,-1,,
1761104520049,292,1,,,-1,,
1761104520049,292,2,,,-1,,
1761104520079,293,0,,,-1,,
1761104520079,293,1,,,-1,,
1761104520079,293,2,,,-1,,
1761104520109,294,0,,,-1,,
1761104520109,294,1,,,-1,,
1761104520109,294,2,,,-1,,
1761104520139,295,0,,,-1,,
1761104520139,295,1,,,-1,,
1761104520139,295,2,,,-1,,
1761104520169,296,0,,,-1,,
1761104520169,296,1,,,-1,,
1761104520169,296,2,,,-1,,
1761104520199,297,0,,,-1,,
1761104520199,297,1,,,-1,,
1761104520199,297,2,,,-1,,
1761104520230,298,0,,,-1,,
1761104520230,298,1,,,-1,,
1761104520230,298,2,,,-1,,
1761104520261,299,0,,,-1,,
1761104520261,299,1,,,-1,,
1761104520261,299,2,,,-1,,
1761104520291,300,0,,,-1,,
1761104520291,300,1,,,-1,,
1761104520291,300,2,,,-1,,
1761104520321,301,0,,,-1,,
1761104520321,301,1,,,-1,,
1761104520321,301,2,,,-1,,
1761104520351,302,0,,,-1,,
1761104520351,302,1,,,-1,,
1761104520351,302,2,,,-1,,
1761104520381,303,0,,,-1,,
1761104520381,303,1,,,-1,,
1761104520381,303,2,,,-1,,
1761104520411,304,0,,,-1,,
1761104520411,304,1,,,-1,,
1761104520411,304,2,,,-1,,
1761104520441,305,0,,,-1,,
1761104520441,305,1,,,-1,,
1761104520441,305,2,,,-1,,
1761104520471,306,0,,,-1,,
1761104520471,306,1,,,-1,,
1761104520471,306,2,,,-1,,
1761104520502,307,0,,,-1,,
1761104520502,307,1,,,-1,,
1761104520502,307,2,,,-1,,
1761104520532,308,0,,,-1,,
1761104520532,308,1,,,-1,,
1761104520532,308,2,,,-1,,
1761104520562,309,0,,,-1,,
1761104520562,309,1,,,-1,,
1761104520562,309,2,,,-1,,
1761104520592,310,0,,,-1,,
1761104520592,310,1,,,-1,,
1761104520592,310,2,,,-1,,
1761104520622,311,0,,,-1,,
1761104520622,311,1,,,-1,,
1761104520622,311,2,,,-1,,
1761104520652,312,0,,,-1,,
1761104520652,312,1,,,-1,,
1761104520652,312,2,,,-1,,
1761104520682,313,0,,,-1,,
1761104520682,313,1,,,-1,,
1761104520682,313,2,,,-1,,
1761104520713,314,0,,,-1,,
1761104520713,314,1,,,-1,,
1761104520713,314,2,,,-1,,
1761104520743,315,0,,,-1,,
1761104520743,315,1,,,-1,,
1761104520743,315,2,,,-1,,
1761104520773,316,0,,,-1,,
1761104520773,316,1,,,-1,,
1761104520773,316,2,,,-1,,
1761104520803,317,0,,,-1,,
1761104520803,317,1,,,-1,,
1761104520803,317,2,,,-1,,
1761104520834,318,0,,,-1,,
1761104520834,318,1,,,-1,,
1761104520834,318,2,,,-1,,
1761104520864,319,0,,,-1,,
1761104520864,319,1,,,-1,,
1761104520864,319,2,,,-1,,
1761104520894,320,0,,,-1,,
1761104520894,320,1,,,-1,,
1761104520894,320,2,,,-1,,
1761104520925,321,0,,,-1,,
1761104520925,321,1,,,-1,,
1761104520925,321,2,,,-1,,
1761104520955,322,0,,,-1,,
1761104520955,322,1,,,-1,,
1761104520955,322,2,,,-1,,
1761104520985,323,0,,,-1,,
1761104520985,323,1,,,-1,,
1761104520985,323,2,,,-1,,
1761104521015,324,0,,,-1,,
1761104521015,324,1,,,-1,,
1761104521015,324,2,,,-1,,
1761104521046,325,0,,,-1,,
1761104521046,325,1,,,-1,,
1761104521046,325,2,,,-1,,
1761104521076,326,0,,,-1,,
1761104521076,326,1,,,-1,,
1761104521076,326,2,,,-1,,
1761104521107,327,0,,,-1,,
1761104521107,327,1,,,-1,,
1761104521107,327,2,,,-1,,
1761104521138,328,0,,,-1,,
1761104521138,328,1,,,-1,,
1761104521138,328,2,,,-1,,
1761104521168,329,0,,,-1,,
1761104521168,329,1,,,-1,,
1761104521168,329,2,,,-1,,
1761104521198,330,0,,,-1,,
1761104521198,330,1,,,-1,,
1761104521198,330,2,,,-1,,
1761104521229,331,0,,,-1,,
1761104521229,331,1,,,-1,,
1761104521229,331,2,,,-1,,
1761104521259,332,0,,,-1,,
1761104521259,332,1,,,-1,,
1761104521259,332,2,,,-1,,
1761104521289,333,0,,,-1,,
1761104521289,333,1,,,-1,,
1761104521289,333,2,,,-1,,
1761104521320,334,0,,,-1,,
1761104521320,334,1,,,-1,,
1761104521320,334,2,,,-1,,
1761104521351,335,0,,,-1,,
1761104521351,335,1,,,-1,,
1761104521351,335,2,,,-1,,
1761104521382,336,0,,,-1,,
1761104521382,336,1,,,-1,,
1761104521382,336,2,,,-1,,
1761104521413,337,0,,,-1,,
1761104521413,337,1,,,-1,,
1761104521413,337,2,,,-1,,
1761104521444,338,0,,,-1,,
1761104521444,338,1,,,-1,,
1761104521444,338,2,,,-1,,
1761104521474,339,0,,,-1,,
1761104521474,339,1,,,-1,,
1761104521474,339,2,,,-1,,
1761104521504,340,0,,,-1,,
1761104521504,340,1,,,-1,,
1761104521504,340,2,,,-1,,
1761104521535,341,0,,,-1,,
1761104521535,341,1,,,-1,,
1761104521535,341,2,,,-1,,
1761104521565,342,0,,,-1,,
1761104521565,342,1,,,-1,,
1761104521565,342,2,,,-1,,
1761104521596,343,0,,,-1,,
1761104521596,343,1,,,-1,,
1761104521596,343,2,,,-1,,
1761104521626,344,0,,,-1,,
1761104521626,344,1,,,-1,,
1761104521626,344,2,,,-1,,
1761104521657,345,0,,,-1,,
1761104521657,345,1,,,-1,,
1761104521657,345,2,,,-1,,
1761104521687,346,0,,,-1,,
1761104521687,346,1,,,-1,,
1761104521687,346,2,,,-1,,
1761104521718,347,0,,,-1,,
1761104521718,347,1,,,-1,,
1761104521718,347,2,,,-1,,
1761104521748,348,0,,,-1,,
1761104521748,348,1,,,-1,,
1761104521748,348,2,,,-1,,
1761104521779,349,0,,,-1,,
1761104521779,349,1,,,-1,,
1761104521779,349,2,,,-1,,
1761104521810,350,0,,,-1,,
1761104521810,350,1,,,-1,,
1761104521810,350,2,,,-1,,
1761104521841,351,0,,,-1,,
1761104521841,351,1,,,-1,,
1761104521841,351,2,,,-1,,
1761104521872,352,0,,,-1,,
1761104521872,352,1,,,-1,,
1761104521872,352,2,,,-1,,
1761104521904,353,0,,,-1,,
1761104521904,353,1,,,-1,,
1761104521904,353,2,,,-1,,
1761104521935,354,0,,,-1,,
1761104521935,354,1,,,-1,,
1761104521935,354,2,,,-1,,
1761104521967,355,0,,,-1,,
1761104521967,355,1,,,-1,,
1761104521967,355,2,,,-1,,
1761104521998,356,0,,,-1,,
1761104521998,356,1,,,-1,,
1761104521998,356,2,,,-1,,
1761104522029,357,0,,,-1,,
1761104522029,357,1,,,-1,,
1761104522029,357,2,,,-1,,
1761104522061,358,0,,,-1,,
1761104522061,358,1,,,-1,,
1761104522061,358,2,,,-1,,
1761104522092,359,0,,,-1,,
1761104522092,359,1,,,-1,,
1761104522092,359,2,,,-1,,
1761104522124,360,0,,,-1,,
1761104522124,360,1,,,-1,,
1761104522124,360,2,,,-1,,
1761104522156,361,0,,,-1,,
1761104522156,361,1,,,-1,,
1761104522156,361,2,,,-1,,
1761104522187,362,0,,,-1,,
1761104522187,362,1,,,-1,,
1761104522187,362,2,,,-1,,
1761104522218,363,0,,,-1,,
1761104522218,363,1,,,-1,,
1761104522218,363,2,,,-1,,
1761104522250,364,0,,,-1,,
1761104522250,364,1,,,-1,,
1761104522250,364,2,,,-1,,
1761104522283,365,0,,,-1,,
1761104522283,365,1,,,-1,,
1761104522283,365,2,,,-1,,
1761104522315,366,0,,,-1,,
1761104522315,366,1,,,-1,,
1761104522315,366,2,,,-1,,
1761104522347,367,0,,,-1,,
1761104522347,367,1,,,-1,,
1761104522347,367,2,,,-1,,
1761104522379,368,0,,,-1,,
1761104522379,368,1,,,-1,,
1761104522379,368,2,,,-1,,
1761104522410,369,0,,,-1,,
1761104522410,369,1,,,-1,,
1761104522410,369,2,,,-1,,
1761104522441,370,0,,,-1,,
1761104522441,370,1,,,-1,,
1761104522441,370,2,,,-1,,
1761104522473,371,0,,,-1,,
1761104522473,371,1,,,-1,,
1761104522473,371,2,,,-1,,
1761104522504,372,0,,,-1,,
1761104522504,372,1,,,-1,,
1761104522504,372,2,,,-1,,
1761104522536,373,0,,,-1,,
1761104522536,373,1,,,-1,,
1761104522536,373,2,,,-1,,
1761104522568,374,0,,,-1,,
1761104522568,374,1,,,-1,,
1761104522568,374,2,,,-1,,
1761104522600,375,0,,,-1,,
1761104522600,375,1,,,-1,,
1761104522600,375,2,,,-1,,
1761104522632,376,0,,,-1,,
1761104522632,376,1,,,-1,,
1761104522632,376,2,,,-1,,
1761104522663,377,0,,,-1,,
1761104522663,377,1,,,-1,,
1761104522663,377,2,,,-1,,
1761104522695,378,0,,,-1,,
1761104522695,378,1,,,-1,,
1761104522695,378,2,,,-1,,
1761104522727,379,0,,,-1,,
1761104522727,379,1,,,-1,,
1761104522727,379,2,,,-1,,
1761104522758,380,0,,,-1,,
1761104522758,380,1,,,-1,,
1761104522758,380,2,,,-1,,
1761104522790,381,0,,,-1,,
1761104522790,381,1,,,-1,,
1761104522790,381,2,,,-1,,
1761104522821,382,0,,,-1,,
1761104522821,382,1,,,-1,,
1761104522821,382,2,,,-1,,
1761104522853,383,0,,,-1,,
1761104522853,383,1,,,-1,,
1761104522853,383,2,,,-1,,
1761104522885,384,0,,,-1,,
1761104522885,384,1,,,-1,,
1761104522885,384,2,,,-1,,
1761104522916,385,0,,,-1,,
1761104522916,385,1,,,-1,,
1761104522916,385,2,,,-1,,
1761104522948,386,0,,,-1,,
1761104522948,386,1,,,-1,,
1761104522948,386,2,,,-1,,
1761104522980,387,0,,,-1,,
1761104522980,387,1,,,-1,,
1761104522980,387,2,,,-1,,
1761104523011,388,0,,,-1,,
1761104523011,388,1,,,-1,,
1761104523011,388,2,,,-1,,
1761104523043,389,0,,,-1,,
1761104523043,389,1,,,-1,,
1761104523043,389,2,,,-1,,
1761104523075,390,0,,,-1,,
1761104523075,390,1,,,-1,,
1761104523075,390,2,,,-1,,
1761104523107,391,0,,,-1,,
1761104523107,391,1,,,-1,,
1761104523107,391,2,,,-1,,
1761104523139,392,0,,,-1,,
1761104523139,392,1,,,-1,,
1761104523139,392,2,,,-1,,
1761104523171,393,0,,,-1,,
1761104523171,393,1,,,-1,,
1761104523171,393,2,,,-1,,
1761104523203,394,0,,,-1,,
1761104523203,394,1,,,-1,,
1761104523203,394,2,,,-1,,
1761104523235,395,0,,,-1,,
1761104523235,395,1,,,-1,,
1761104523235,395,2,,,-1,,
1761104523267,396,0,,,-1,,
1761104523267,396,1,,,-1,,
1761104523267,396,2,,,-1,,
1761104523299,397,0,,,-1,,
1761104523299,397,1,,,-1,,
1761104523299,397,2,,,-1,,
1761104523330,398,0,,,-1,,
1761104523330,398,1,,,-1,,
1761104523330,398,2,,,-1,,
1761104523362,399,0,,,-1,,
1761104523362,399,1,,,-1,,
1761104523362,399,2,,,-1,,
1761104523394,400,0,,,-1,,
1761104523394,400,1,,,-1,,
1761104523394,400,2,,,-1,,
1761104523426,401,0,,,-1,,
1761104523426,401,1,,,-1,,
1761104523426,401,2,,,-1,,
1761104523458,402,0,,,-1,,
1761104523458,402,1,,,-1,,
1761104523458,402,2,,,-1,,
1761104523490,403,0,,,-1,,
1761104523490,403,1,,,-1,,
1761104523490,403,2,,,-1,,
1761104523522,404,0,,,-1,,
1761104523522,404,1,,,-1,,
1761104523522,404,2,,,-1,,
1761104523554,405,0,,,-1,,
1761104523554,405,1,,,-1,,
1761104523554,405,2,,,-1,,
1761104523586,406,0,,,-1,,
1761104523586,406,1,,,-1,,
1761104523586,406,2,,,-1,,
1761104523618,407,0,,,-1,,
1761104523618,407,1,,,-1,,
1761104523618,407,2,,,-1,,
1761104523650,408,0,,,-1,,
1761104523650,408,1,,,-1,,
1761104523650,408,2,,,-1,,
1761104523682,409,0,,,-1,,
1761104523682,409,1,,,-1,,
1761104523682,409,2,,,-1,,
1761104523714,410,0,,,-1,,
1761104523714,410,1,,,-1,,
1761104523714,410,2,,,-1,,
1761104523746,411,0,,,-1,,
1761104523746,411,1,,,-1,,
1761104523746,411,2,,,-1,,
1761104523778,412,0,,,-1,,
1761104523778,412,1,,,-1,,
1761104523778,412,2,,,-1,,
1761104523810,413,0,,,-1,,
1761104523810,413,1,,,-1,,
1761104523810,413,2,,,-1,,
1761104523843,414,0,,,-1,,
1761104523843,414,1,,,-1,,
1761104523843,414,2,,,-1,,
1761104523875,415,0,,,-1,,
1761104523875,415,1,,,-1,,
1761104523875,415,2,,,-1,,
1761104523909,416,0,,,-1,,
1761104523909,416,1,,,-1,,
1761104523909,416,2,,,-1,,
1761104523942,417,0,,,-1,,
1761104523942,417,1,,,-1,,
1761104523942,417,2,,,-1,,
1761104523975,418,0,,,-1,,
1761104523975,418,1,,,-1,,
1761104523975,418,2,,,-1,,
1761104524008,419,0,,,-1,,
1761104524008,419,1,,,-1,,
1761104524008,419,2,,,-1,,
1761104524040,420,0,,,-1,,
1761104524040,420,1,,,-1,,
1761104524041,420,2,,,-1,,
1761104524073,421,0,,,-1,,
1761104524073,421,1,,,-1,,
1761104524073,421,2,,,-1,,
1761104524106,422,0,,,-1,,
1761104524106,422,1,,,-1,,
1761104524106,422,2,,,-1,,
1761104524139,423,0,,,-1,,
1761104524139,423,1,,,-1,,
1761104524139,423,2,,,-1,,
1761104524172,424,0,,,-1,,
1761104524172,424,1,,,-1,,
1761104524172,424,2,,,-1,,
1761104524205,425,0,,,-1,,
1761104524205,425,1,,,-1,,
1761104524205,425,2,,,-1,,
1761104524238,426,0,,,-1,,
1761104524238,426,1,,,-1,,
1761104524238,426,2,,,-1,,
1761104524271,427,0,,,-1,,
1761104524271,427,1,,,-1,,
1761104524271,427,2,,,-1,,
1761104524304,428,0,,,-1,,
1761104524304,428,1,,,-1,,
1761104524304,428,2,,,-1,,
1761104524338,429,0,,,-1,,
1761104524338,429,1,,,-1,,
1761104524338,429,2,,,-1,,
1761104524372,430,0,,,-1,,
1761104524372,430,1,,,-1,,
1761104524372,430,2,,,-1,,
1761104524405,431,0,,,-1,,
1761104524405,431,1,,,-1,,
1761104524405,431,2,,,-1,,
1761104524438,432,0,,,-1,,
1761104524438,432,1,,,-1,,
1761104524438,432,2,,,-1,,
1761104524471,433,0,,,-1,,
1761104524471,433,1,,,-1,,
1761104524471,433,2,,,-1,,
1761104524504,434,0,,,-1,,
1761104524504,434,1,,,-1,,
1761104524504,434,2,,,-1,,
1761104524537,435,0,,,-1,,
1761104524537,435,1,,,-1,,
1761104524537,435,2,,,-1,,
1761104524570,436,0,,,-1,,
1761104524570,436,1,,,-1,,
1761104524570,436,2,,,-1,,
1761104524603,437,0,,,-1,,
1761104524603,437,1,,,-1,,
1761104524603,437,2,,,-1,,
1761104524636,438,0,,,-1,,
1761104524636,438,1,,,-1,,
1761104524636,438,2,,,-1,,
1761104524669,439,0,,,-1,,
1761104524669,439,1,,,-1,,
1761104524669,439,2,,,-1,,
1761104524702,440,0,,,-1,,
1761104524702,440,1,,,-1,,
1761104524702,440,2,,,-1,,
1761104524735,441,0,,,-1,,
1761104524735,441,1,,,-1,,
1761104524735,441,2,,,-1,,
1761104524768,442,0,,,-1,,
1761104524768,442,1,,,-1,,
1761104524768,442,2,,,-1,,
1761104524801,443,0,,,-1,,
1761104524801,443,1,,,-1,,
1761104524801,443,2,,,-1,,
1761104524834,444,0,,,-1,,
1761104524834,444,1,,,-1,,
1761104524834,444,2,,,-1,,
1761104524868,445,0,,,-1,,
1761104524868,445,1,,,-1,,
1761104524868,445,2,,,-1,,
1761104524901,446,0,,,-1,,
1761104524901,446,1,,,-1,,
1761104524901,446,2,,,-1,,
1761104524934,447,0,,,-1,,
1761104524934,447,1,,,-1,,
1761104524934,447,2,,,-1,,
1761104526757,448,0,,,-1,,
1761104526757,448,1,,,-1,,
1761104526757,448,2,,,-1,,
1761104526786,449,0,,,-1,,
1761104526786,449,1,,,-1,,
1761104526786,449,2,,,-1,,
1761104526814,450,0,,,-1,,
1761104526814,450,1,,,-1,,
1761104526814,450,2,,,-1,,
1761104526843,451,0,,,-1,,
1761104526843,451,1,,,-1,,
1761104526843,451,2,,,-1,,
1761104526871,452,0,,,-1,,
1761104526871,452,1,,,-1,,
1761104526871,452,2,,,-1,,
1761104526900,453,0,,,-1,,
1761104526900,453,1,,,-1,,
1761104526900,453,2,,,-1,,
1761104526928,454,0,,,-1,,
1761104526928,454,1,,,-1,,
1761104526928,454,2,,,-1,,
1761104526957,455,0,,,-1,,
1761104526957,455,1,,,-1,,
1761104526957,455,2,,,-1,,
1761104526985,456,0,,,-1,,
1761104526985,456,1,,,-1,,
1761104526985,456,2,,,-1,,
1761104527014,457,0,,,-1,,
1761104527014,457,1,,,-1,,
1761104527014,457,2,,,-1,,
1761104527042,458,0,,,-1,,
1761104527042,458,1,,,-1,,
1761104527042,458,2,,,-1,,
1761104527071,459,0,,,-1,,
1761104527071,459,1,,,-1,,
1761104527071,459,2,,,-1,,
1761104527100,460,0,,,-1,,
1761104527100,460,1,,,-1,,
1761104527100,460,2,,,-1,,
1761104527128,461,0,,,-1,,
1761104527128,461,1,,,-1,,
1761104527128,461,2,,,-1,,
1761104527157,462,0,,,-1,,
1761104527157,462,1,,,-1,,
1761104527157,462,2,,,-1,,
1761104527186,463,0,,,-1,,
1761104527186,463,1,,,-1,,
1761104527186,463,2,,,-1,,
1761104527215,464,0,,,-1,,
1761104527215,464,1,,,-1,,
1761104527215,464,2,,,-1,,
1761104527244,465,0,,,-1,,
1761104527244,465,1,,,-1,,
1761104527244,465,2,,,-1,,
1761104527272,466,0,,,-1,,
1761104527272,466,1,,,-1,,
1761104527272,466,2,,,-1,,
1761104527301,467,0,,,-1,,
1761104527301,467,1,,,-1,,
1761104527301,467,2,,,-1,,
1761104527330,468,0,,,-1,,
1761104527330,468,1,,,-1,,
1761104527330,468,2,,,-1,,
1761104527359,469,0,,,-1,,
1761104527359,469,1,,,-1,,
1761104527359,469,2,,,-1,,
1761104527388,470,0,,,-1,,
1761104527388,470,1,,,-1,,
1761104527388,470,2,,,-1,,
1761104527417,471,0,,,-1,,
1761104527417,471,1,,,-1,,
1761104527417,471,2,,,-1,,
1761104527445,472,0,,,-1,,
1761104527445,472,1,,,-1,,
1761104527445,472,2,,,-1,,
1761104527474,473,0,,,-1,,
1761104527474,473,1,,,-1,,
1761104527474,473,2,,,-1,,
1761104527503,474,0,,,-1,,
1761104527503,474,1,,,-1,,
1761104527503,474,2,,,-1,,
1761104527532,475,0,,,-1,,
1761104527532,475,1,,,-1,,
1761104527532,475,2,,,-1,,
1761104527560,476,0,,,-1,,
1761104527560,476,1,,,-1,,
1761104527560,476,2,,,-1,,
1761104527589,477,0,,,-1,,
1761104527589,477,1,,,-1,,
1761104527589,477,2,,,-1,,
1761104527618,478,0,,,-1,,
1761104527618,478,1,,,-1,,
1761104527618,478,2,,,-1,,
1761104527647,479,0,,,-1,,
1761104527647,479,1,,,-1,,
1761104527647,479,2,,,-1,,
1761104527676,480,0,,,-1,,
1761104527676,480,1,,,-1,,
1761104527676,480,2,,,-1,,
1761104527705,481,0,,,-1,,
1761104527705,481,1,,,-1,,
1761104527705,481,2,,,-1,,
1761104527734,482,0,,,-1,,
1761104527734,482,1,,,-1,,
1761104527735,482,2,,,-1,,
1761104527764,483,0,,,-1,,
1761104527764,483,1,,,-1,,
1761104527764,483,2,,,-1,,
1761104527792,484,0,,,-1,,
1761104527793,484,1,,,-1,,
1761104527793,484,2,,,-1,,
1761104527822,485,0,,,-1,,
1761104527822,485,1,,,-1,,
1761104527822,485,2,,,-1,,
1761104527851,486,0,,,-1,,
1761104527851,486,1,,,-1,,
1761104527851,486,2,,,-1,,
1761104527881,487,0,,,-1,,
1761104527881,487,1,,,-1,,
1761104527881,487,2,,,-1,,
1761104527910,488,0,,,-1,,
1761104527910,488,1,,,-1,,
1761104527910,488,2,,,-1,,
1761104527939,489,0,,,-1,,
1761104527939,489,1,,,-1,,
1761104527939,489,2,,,-1,,
1761104527968,490,0,,,-1,,
1761104527968,490,1,,,-1,,
1761104527968,490,2,,,-1,,
1761104527997,491,0,,,-1,,
1761104527997,491,1,,,-1,,
1761104527997,491,2,,,-1,,
1761104528026,492,0,,,-1,,
1761104528026,492,1,,,-1,,
1761104528026,492,2,,,-1,,
1761104528055,493,0,,,-1,,
1761104528055,493,1,,,-1,,
1761104528055,493,2,,,-1,,
1761104528084,494,0,,,-1,,
1761104528084,494,1,,,-1,,
1761104528084,494,2,,,-1,,
1761104528114,495,0,,,-1,,
1761104528114,495,1,,,-1,,
1761104528114,495,2,,,-1,,
1761104528143,496,0,,,-1,,
1761104528143,496,1,,,-1,,
1761104528143,496,2,,,-1,,
1761104528172,497,0,,,-1,,
1761104528172,497,1,,,-1,,
1761104528172,497,2,,,-1,,
1761104528201,498,0,,,-1,,
1761104528201,498,1,,,-1,,
1761104528201,498,2,,,-1,,
1761104528231,499,0,,,-1,,
1761104528231,499,1,,,-1,,
1761104528231,499,2,,,-1,,
1761104528260,500,0,,,-1,,
1761104528260,500,1,,,-1,,
1761104528260,500,2,,,-1,,
1761104528289,501,0,,,-1,,
1761104528289,501,1,,,-1,,
1761104528289,501,2,,,-1,,
1761104528318,502,0,,,-1,,
1761104528318,502,1,,,-1,,
1761104528318,502,2,,,-1,,
1761104528348,503,0,,,-1,,
1761104528348,503,1,,,-1,,
1761104528348,503,2,,,-1,,
1761104528377,504,0,,,-1,,
1761104528377,504,1,,,-1,,
1761104528377,504,2,,,-1,,
1761104528408,505,0,,,-1,,
1761104528408,505,1,,,-1,,
1761104528408,505,2,,,-1,,
1761104528438,506,0,,,-1,,
1761104528438,506,1,,,-1,,
1761104528438,506,2,,,-1,,
1761104528468,507,0,,,-1,,
1761104528468,507,1,,,-1,,
1761104528468,507,2,,,-1,,
1761104528497,508,0,,,-1,,
1761104528497,508,1,,,-1,,
1761104528497,508,2,,,-1,,
1761104528527,509,0,,,-1,,
1761104528527,509,1,,,-1,,
1761104528527,509,2,,,-1,,
1761104528557,510,0,,,-1,,
1761104528557,510,1,,,-1,,
1761104528557,510,2,,,-1,,
1761104528587,511,0,,,-1,,
1761104528587,511,1,,,-1,,
1761104528587,511,2,,,-1,,
1761104528617,512,0,,,-1,,
1761104528617,512,1,,,-1,,
1761104528617,512,2,,,-1,,
1761104528647,513,0,,,-1,,
1761104528647,513,1,,,-1,,
1761104528647,513,2,,,-1,,
1761104528677,514,0,,,-1,,
1761104528677,514,1,,,-1,,
1761104528677,514,2,,,-1,,
1761104528707,515,0,,,-1,,
1761104528707,515,1,,,-1,,
1761104528707,515,2,,,-1,,
1761104528737,516,0,,,-1,,
1761104528737,516,1,,,-1,,
1761104528737,516,2,,,-1,,
1761104528767,517,0,,,-1,,
1761104528767,517,1,,,-1,,
1761104528767,517,2,,,-1,,
1761104528797,518,0,,,-1,,
1761104528797,518,1,,,-1,,
1761104528797,518,2,,,-1,,
1761104528828,519,0,,,-1,,
1761104528828,519,1,,,-1,,
1761104528828,519,2,,,-1,,
1761104528858,520,0,,,-1,,
1761104528858,520,1,,,-1,,
1761104528858,520,2,,,-1,,
1761104528888,521,0,,,-1,,
1761104528888,521,1,,,-1,,
1761104528888,521,2,,,-1,,
1761104528918,522,0,,,-1,,
1761104528918,522,1,,,-1,,
1761104528918,522,2,,,-1,,
1761104528948,523,0,,,-1,,
1761104528948,523,1,,,-1,,
1761104528948,523,2,,,-1,,
1761104528978,524,0,,,-1,,
1761104528978,524,1,,,-1,,
1761104528978,524,2,,,-1,,
1761104529009,525,0,,,-1,,
1761104529009,525,1,,,-1,,
1761104529009,525,2,,,-1,,
1761104529039,526,0,,,-1,,
1761104529039,526,1,,,-1,,
1761104529039,526,2,,,-1,,
1761104529070,527,0,,,-1,,
1761104529070,527,1,,,-1,,
1761104529070,527,2,,,-1,,
1761104529100,528,0,,,-1,,
1761104529100,528,1,,,-1,,
1761104529100,528,2,,,-1,,
1761104529130,529,0,,,-1,,
1761104529130,529,1,,,-1,,
1761104529130,529,2,,,-1,,
1761104529161,530,0,,,-1,,
1761104529161,530,1,,,-1,,
1761104529161,530,2,,,-1,,
1761104529191,531,0,,,-1,,
1761104529191,531,1,,,-1,,
1761104529191,531,2,,,-1,,
1761104529221,532,0,,,-1,,
1761104529221,532,1,,,-1,,
1761104529221,532,2,,,-1,,
1761104529252,533,0,,,-1,,
1761104529252,533,1,,,-1,,
1761104529252,533,2,,,-1,,
1761104529282,534,0,,,-1,,
1761104529282,534,1,,,-1,,
1761104529282,534,2,,,-1,,
1761104529313,535,0,,,-1,,
1761104529313,535,1,,,-1,,
1761104529313,535,2,,,-1,,
1761104529343,536,0,,,-1,,
1761104529343,536,1,,,-1,,
1761104529343,536,2,,,-1,,
1761104529374,537,0,,,-1,,
1761104529374,537,1,,,-1,,
1761104529374,537,2,,,-1,,
1761104529404,538,0,,,-1,,
1761104529404,538,1,,,-1,,
1761104529404,538,2,,,-1,,
1761104529436,539,0,,,-1,,
1761104529436,539,1,,,-1,,
1761104529436,539,2,,,-1,,
1761104529466,540,0,,,-1,,
1761104529466,540,1,,,-1,,
1761104529466,540,2,,,-1,,
1761104529496,541,0,,,-1,,
1761104529496,541,1,,,-1,,
1761104529496,541,2,,,-1,,
1761104529526,542,0,,,-1,,
1761104529526,542,1,,,-1,,
1761104529526,542,2,,,-1,,
1761104529557,543,0,,,-1,,
1761104529557,543,1,,,-1,,
1761104529557,543,2,,,-1,,
1761104529587,544,0,,,-1,,
1761104529587,544,1,,,-1,,
1761104529587,544,2,,,-1,,
1761104529618,545,0,,,-1,,
1761104529618,545,1,,,-1,,
1761104529618,545,2,,,-1,,
1761104529648,546,0,,,-1,,
1761104529648,546,1,,,-1,,
1761104529648,546,2,,,-1,,
1761104529679,547,0,,,-1,,
1761104529679,547,1,,,-1,,
1761104529679,547,2,,,-1,,
1761104529709,548,0,,,-1,,
1761104529709,548,1,,,-1,,
1761104529709,548,2,,,-1,,
1761104529740,549,0,,,-1,,
1761104529740,549,1,,,-1,,
1761104529740,549,2,,,-1,,
1761104529771,550,0,,,-1,,
1761104529771,550,1,,,-1,,
1761104529771,550,2,,,-1,,
1761104529801,551,0,,,-1,,
1761104529801,551,1,,,-1,,
1761104529801,551,2,,,-1,,
1761104529832,552,0,,,-1,,
1761104529832,552,1,,,-1,,
1761104529832,552,2,,,-1,,
1761104529863,553,0,,,-1,,
1761104529863,553,1,,,-1,,
1761104529863,553,2,,,-1,,
1761104529893,554,0,,,-1,,
1761104529893,554,1,,,-1,,
1761104529893,554,2,,,-1,,
1761104529924,555,0,,,-1,,
1761104529924,555,1,,,-1,,
1761104529924,555,2,,,-1,,
1761104529954,556,0,,,-1,,
1761104529954,556,1,,,-1,,
1761104529954,556,2,,,-1,,
1761104529985,557,0,,,-1,,
1761104529985,557,1,,,-1,,
1761104529985,557,2,,,-1,,
1761104530016,558,0,,,-1,,
1761104530016,558,1,,,-1,,
1761104530016,558,2,,,-1,,
1761104530046,559,0,,,-1,,
1761104530046,559,1,,,-1,,
1761104530046,559,2,,,-1,,
1761104530077,560,0,,,-1,,
1761104530077,560,1,,,-1,,
1761104530077,560,2,,,-1,,
1761104530108,561,0,,,-1,,
1761104530108,561,1,,,-1,,
1761104530108,561,2,,,-1,,
1761104530138,562,0,,,-1,,
1761104530138,562,1,,,-1,,
1761104530138,562,2,,,-1,,
1761104530169,563,0,,,-1,,
1761104530169,563,1,,,-1,,
1761104530169,563,2,,,-1,,
1761104530199,564,0,,,-1,,
1761104530199,564,1,,,-1,,
1761104530199,564,2,,,-1,,
1761104530230,565,0,,,-1,,
1761104530230,565,1,,,-1,,
1761104530230,565,2,,,-1,,
1761104530261,566,0,,,-1,,
1761104530261,566,1,,,-1,,
1761104530261,566,2,,,-1,,
1761104530292,567,0,,,-1,,
1761104530292,567,1,,,-1,,
1761104530292,567,2,,,-1,,
1761104530322,568,0,,,-1,,
1761104530322,568,1,,,-1,,
1761104530322,568,2,,,-1,,
1761104530353,569,0,,,-1,,
1761104530353,569,1,,,-1,,
1761104530353,569,2,,,-1,,
1761104530384,570,0,,,-1,,
1761104530384,570,1,,,-1,,
1761104530384,570,2,,,-1,,
1761104530415,571,0,,,-1,,
1761104530415,571,1,,,-1,,
1761104530415,571,2,,,-1,,
1761104530446,572,0,,,-1,,
1761104530446,572,1,,,-1,,
1761104530446,572,2,,,-1,,
1761104530478,573,0,,,-1,,
1761104530478,573,1,,,-1,,
1761104530478,573,2,,,-1,,
1761104530510,574,0,,,-1,,
1761104530510,574,1,,,-1,,
1761104530510,574,2,,,-1,,
1761104530542,575,0,,,-1,,
1761104530542,575,1,,,-1,,
1761104530542,575,2,,,-1,,
1761104530573,576,0,,,-1,,
1761104530573,576,1,,,-1,,
1761104530573,576,2,,,-1,,
1761104530605,577,0,,,-1,,
1761104530605,577,1,,,-1,,
1761104530605,577,2,,,-1,,
1761104530636,578,0,,,-1,,
1761104530636,578,1,,,-1,,
1761104530636,578,2,,,-1,,
1761104530668,579,0,,,-1,,
1761104530668,579,1,,,-1,,
1761104530668,579,2,,,-1,,
1761104530700,580,0,,,-1,,
1761104530700,580,1,,,-1,,
1761104530700,580,2,,,-1,,
1761104530732,581,0,,,-1,,
1761104530732,581,1,,,-1,,
1761104530732,581,2,,,-1,,
1761104530763,582,0,,,-1,,
1761104530763,582,1,,,-1,,
1761104530763,582,2,,,-1,,
1761104530795,583,0,,,-1,,
1761104530795,583,1,,,-1,,
1761104530795,583,2,,,-1,,
1761104530826,584,0,,,-1,,
1761104530826,584,1,,,-1,,
1761104530826,584,2,,,-1,,
1761104530858,585,0,,,-1,,
1761104530858,585,1,,,-1,,
1761104530858,585,2,,,-1,,
1761104530890,586,0,,,-1,,
1761104530890,586,1,,,-1,,
1761104530890,586,2,,,-1,,
1761104530921,587,0,,,-1,,
1761104530921,587,1,,,-1,,
1761104530921,587,2,,,-1,,
1761104530953,588,0,,,-1,,
1761104530953,588,1,,,-1,,
1761104530953,588,2,,,-1,,
1761104530985,589,0,,,-1,,
1761104530985,589,1,,,-1,,
1761104530985,589,2,,,-1,,
1761104531016,590,0,,,-1,,
1761104531016,590,1,,,-1,,
1761104531017,590,2,,,-1,,
1761104531049,591,0,,,-1,,
1761104531049,591,1,,,-1,,
1761104531049,591,2,,,-1,,
1761104531080,592,0,,,-1,,
1761104531080,592,1,,,-1,,
1761104531080,592,2,,,-1,,
1761104531112,593,0,,,-1,,
1761104531112,593,1,,,-1,,
1761104531112,593,2,,,-1,,
1761104531144,594,0,,,-1,,
1761104531144,594,1,,,-1,,
1761104531144,594,2,,,-1,,
1761104531176,595,0,,,-1,,
1761104531176,595,1,,,-1,,
1761104531176,595,2,,,-1,,
1761104531207,596,0,,,-1,,
1761104531207,596,1,,,-1,,
1761104531207,596,2,,,-1,,
1761104531239,597,0,,,-1,,
1761104531239,597,1,,,-1,,
1761104531239,597,2,,,-1,,
1761104531271,598,0,,,-1,,
1761104531271,598,1,,,-1,,
1761104531271,598,2,,,-1,,
1761104531303,599,0,,,-1,,
1761104531303,599,1,,,-1,,
1761104531303,599,2,,,-1,,
1761104531335,600,0,,,-1,,
1761104531335,600,1,,,-1,,
1761104531335,600,2,,,-1,,
1761104531367,601,0,,,-1,,
1761104531367,601,1,,,-1,,
1761104531367,601,2,,,-1,,
1761104531398,602,0,,,-1,,
1761104531398,602,1,,,-1,,
1761104531398,602,2,,,-1,,
1761104531430,603,0,,,-1,,
1761104531430,603,1,,,-1,,
1761104531430,603,2,,,-1,,
1761104531462,604,0,,,-1,,
1761104531462,604,1,,,-1,,
1761104531462,604,2,,,-1,,
1761104531494,605,0,,,-1,,
1761104531494,605,1,,,-1,,
1761104531494,605,2,,,-1,,
1761104531526,606,0,,,-1,,
1761104531526,606,1,,,-1,,
1761104531526,606,2,,,-1,,
1761104531558,607,0,,,-1,,
1761104531558,607,1,,,-1,,
1761104531558,607,2,,,-1,,
1761104531590,608,0,,,-1,,
1761104531590,608,1,,,-1,,
1761104531590,608,2,,,-1,,
1761104531622,609,0,,,-1,,
1761104531622,609,1,,,-1,,
1761104531622,609,2,,,-1,,
1761104531654,610,0,,,-1,,
1761104531654,610,1,,,-1,,
1761104531654,610,2,,,-1,,
1761104531686,611,0,,,-1,,
1761104531686,611,1,,,-1,,
1761104531686,611,2,,,-1,,
1761104531718,612,0,,,-1,,
1761104531718,612,1,,,-1,,
1761104531718,612,2,,,-1,,
1761104531750,613,0,,,-1,,
1761104531750,613,1,,,-1,,
1761104531750,613,2,,,-1,,
1761104531782,614,0,,,-1,,
1761104531782,614,1,,,-1,,
1761104531782,614,2,,,-1,,
1761104531814,615,0,,,-1,,
1761104531814,615,1,,,-1,,
1761104531814,615,2,,,-1,,
1761104531846,616,0,,,-1,,
1761104531846,616,1,,,-1,,
1761104531846,616,2,,,-1,,
1761104531878,617,0,,,-1,,
1761104531878,617,1,,,-1,,
1761104531878,617,2,,,-1,,
1761104531910,618,0,,,-1,,
1761104531910,618,1,,,-1,,
1761104531910,618,2,,,-1,,
1761104531942,619,0,,,-1,,
1761104531942,619,1,,,-1,,
1761104531942,619,2,,,-1,,
1761104531974,620,0,,,-1,,
1761104531974,620,1,,,-1,,
1761104531974,620,2,,,-1,,
1761104532006,621,0,,,-1,,
1761104532006,621,1,,,-1,,
1761104532006,621,2,,,-1,,
1761104532038,622,0,,,-1,,
1761104532038,622,1,,,-1,,
1761104532038,622,2,,,-1,,
1761104532070,623,0,,,-1,,
1761104532070,623,1,,,-1,,
1761104532070,623,2,,,-1,,
1761104532102,624,0,,,-1,,
1761104532102,624,1,,,-1,,
1761104532102,624,2,,,-1,,
1761104532135,625,0,,,-1,,
1761104532135,625,1,,,-1,,
1761104532135,625,2,,,-1,,
1761104532167,626,0,,,-1,,
1761104532167,626,1,,,-1,,
1761104532167,626,2,,,-1,,
1761104532199,627,0,,,-1,,
1761104532199,627,1,,,-1,,
1761104532199,627,2,,,-1,,
1761104532231,628,0,,,-1,,
1761104532231,628,1,,,-1,,
1761104532231,628,2,,,-1,,
1761104532263,629,0,,,-1,,
1761104532263,629,1,,,-1,,
1761104532263,629,2,,,-1,,
1761104532295,630,0,,,-1,,
1761104532295,630,1,,,-1,,
1761104532295,630,2,,,-1,,
1761104532328,631,0,,,-1,,
1761104532328,631,1,,,-1,,
1761104532328,631,2,,,-1,,
1761104532360,632,0,,,-1,,
1761104532360,632,1,,,-1,,
1761104532360,632,2,,,-1,,
1761104532392,633,0,,,-1,,
1761104532392,633,1,,,-1,,
1761104532392,633,2,,,-1,,
1761104532424,634,0,,,-1,,
1761104532424,634,1,,,-1,,
1761104532424,634,2,,,-1,,
1761104532457,635,0,,,-1,,
1761104532457,635,1,,,-1,,
1761104532457,635,2,,,-1,,
1761104532489,636,0,,,-1,,
1761104532489,636,1,,,-1,,
1761104532489,636,2,,,-1,,
1761104532522,637,0,,,-1,,
1761104532522,637,1,,,-1,,
1761104532522,637,2,,,-1,,
1761104532556,638,0,,,-1,,
1761104532556,638,1,,,-1,,
1761104532556,638,2,,,-1,,
1761104532590,639,0,,,-1,,
1761104532590,639,1,,,-1,,
1761104532590,639,2,,,-1,,
1761104532622,640,0,,,-1,,
1761104532622,640,1,,,-1,,
1761104532622,640,2,,,-1,,
1761104532656,641,0,,,-1,,
1761104532656,641,1,,,-1,,
1761104532656,641,2,,,-1,,
1761104532689,642,0,,,-1,,
1761104532689,642,1,,,-1,,
1761104532689,642,2,,,-1,,
1761104532722,643,0,,,-1,,
1761104532722,643,1,,,-1,,
1761104532722,643,2,,,-1,,
1761104532755,644,0,,,-1,,
1761104532755,644,1,,,-1,,
1761104532755,644,2,,,-1,,
1761104532788,645,0,,,-1,,
1761104532788,645,1,,,-1,,
1761104532788,645,2,,,-1,,
1761104532821,646,0,,,-1,,
1761104532821,646,1,,,-1,,
1761104532821,646,2,,,-1,,
1761104532855,647,0,,,-1,,
1761104532855,647,1,,,-1,,
1761104532855,647,2,,,-1,,
1761104532888,648,0,,,-1,,
1761104532888,648,1,,,-1,,
1761104532888,648,2,,,-1,,
1761104532922,649,0,,,-1,,
1761104532922,649,1,,,-1,,
1761104532922,649,2,,,-1,,
1761104532955,650,0,,,-1,,
1761104532955,650,1,,,-1,,
1761104532955,650,2,,,-1,,
1761104532988,651,0,,,-1,,
1761104532988,651,1,,,-1,,
1761104532988,651,2,,,-1,,
1761104533021,652,0,,,-1,,
1761104533021,652,1,,,-1,,
1761104533021,652,2,,,-1,,
1761104533054,653,0,,,-1,,
1761104533054,653,1,,,-1,,
1761104533054,653,2,,,-1,,
1761104533087,654,0,,,-1,,
1761104533087,654,1,,,-1,,
1761104533087,654,2,,,-1,,
1761104533121,655,0,,,-1,,
1761104533121,655,1,,,-1,,
1761104533121,655,2,,,-1,,
1761104533154,656,0,,,-1,,
1761104533154,656,1,,,-1,,
1761104533154,656,2,,,-1,,
1761104533187,657,0,,,-1,,
1761104533187,657,1,,,-1,,
1761104533187,657,2,,,-1,,
1761104533220,658,0,,,-1,,
1761104533220,658,1,,,-1,,
1761104533220,658,2,,,-1,,
1761104533253,659,0,,,-1,,
1761104533253,659,1,,,-1,,
1761104533253,659,2,,,-1,,
1761104533286,660,0,,,-1,,
1761104533286,660,1,,,-1,,
1761104533286,660,2,,,-1,,
1761104533320,661,0,,,-1,,
1761104533320,661,1,,,-1,,
1761104533320,661,2,,,-1,,
1761104533353,662,0,,,-1,,
1761104533353,662,1,,,-1,,
1761104533353,662,2,,,-1,,
1761104533386,663,0,,,-1,,
1761104533386,663,1,,,-1,,
1761104533386,663,2,,,-1,,
1761104533420,664,0,,,-1,,
1761104533420,664,1,,,-1,,
1761104533420,664,2,,,-1,,
1761104533453,665,0,,,-1,,
1761104533453,665,1,,,-1,,
1761104533453,665,2,,,-1,,
1761104533486,666,0,,,-1,,
1761104533486,666,1,,,-1,,
1761104533486,666,2,,,-1,,
1761104533519,667,0,,,-1,,
1761104533519,667,1,,,-1,,
1761104533519,667,2,,,-1,,
1761104533552,668,0,,,-1,,
1761104533552,668,1,,,-1,,
1761104533552,668,2,,,-1,,
1761104533586,669,0,,,-1,,
1761104533586,669,1,,,-1,,
1761104533586,669,2,,,-1,,
1761104533619,670,0,,,-1,,
1761104533619,670,1,,,-1,,
1761104533619,670,2,,,-1,,
1761104533652,671,0,,,-1,,
1761104533652,671,1,,,-1,,
1761104533652,671,2,,,-1,,
1761104535484,672,0,,,-1,,
1761104535484,672,1,,,-1,,
1761104535484,672,2,,,-1,,
1761104535512,673,0,,,-1,,
1761104535512,673,1,,,-1,,
1761104535512,673,2,,,-1,,
1761104535541,674,0,,,-1,,
1761104535541,674,1,,,-1,,
1761104535541,674,2,,,-1,,
1761104535570,675,0,,,-1,,
1761104535570,675,1,,,-1,,
1761104535570,675,2,,,-1,,
1761104535599,676,0,,,-1,,
1761104535599,676,1,,,-1,,
1761104535599,676,2,,,-1,,
1761104535627,677,0,,,-1,,
1761104535627,677,1,,,-1,,
1761104535627,677,2,,,-1,,
1761104535656,678,0,,,-1,,
1761104535656,678,1,,,-1,,
1761104535656,678,2,,,-1,,
1761104535685,679,0,,,-1,,
1761104535685,679,1,,,-1,,
1761104535685,679,2,,,-1,,
1761104535713,680,0,,,-1,,
1761104535713,680,1,,,-1,,
1761104535713,680,2,,,-1,,
1761104535742,681,0,,,-1,,
1761104535742,681,1,,,-1,,
1761104535742,681,2,,,-1,,
1761104535770,682,0,,,-1,,
1761104535770,682,1,,,-1,,
1761104535770,682,2,,,-1,,
1761104535799,683,0,,,-1,,
1761104535799,683,1,,,-1,,
1761104535799,683,2,,,-1,,
1761104535828,684,0,,,-1,,
1761104535828,684,1,,,-1,,
1761104535828,684,2,,,-1,,
1761104535857,685,0,,,-1,,
1761104535857,685,1,,,-1,,
1761104535857,685,2,,,-1,,
1761104535886,686,0,,,-1,,
1761104535886,686,1,,,-1,,
1761104535886,686,2,,,-1,,
1761104535914,687,0,,,-1,,
1761104535914,687,1,,,-1,,
1761104535914,687,2,,,-1,,
1761104535943,688,0,,,-1,,
1761104535943,688,1,,,-1,,
1761104535943,688,2,,,-1,,
1761104535972,689,0,,,-1,,
1761104535972,689,1,,,-1,,
1761104535972,689,2,,,-1,,
1761104536000,690,0,,,-1,,
1761104536000,690,1,,,-1,,
1761104536000,690,2,,,-1,,
1761104536029,691,0,,,-1,,
1761104536029,691,1,,,-1,,
1761104536029,691,2,,,-1,,
1761104536058,692,0,,,-1,,
1761104536058,692,1,,,-1,,
1761104536058,692,2,,,-1,,
1761104536087,693,0,,,-1,,
1761104536087,693,1,,,-1,,
1761104536087,693,2,,,-1,,
1761104536115,694,0,,,-1,,
1761104536115,694,1,,,-1,,
1761104536115,694,2,,,-1,,
1761104536144,695,0,,,-1,,
1761104536144,695,1,,,-1,,
1761104536144,695,2,,,-1,,
1761104536173,696,0,,,-1,,
1761104536173,696,1,,,-1,,
1761104536173,696,2,,,-1,,
1761104536202,697,0,,,-1,,
1761104536202,697,1,,,-1,,
1761104536202,697,2,,,-1,,
1761104536230,698,0,,,-1,,
1761104536230,698,1,,,-1,,
1761104536230,698,2,,,-1,,
1761104536259,699,0,,,-1,,
1761104536259,699,1,,,-1,,
1761104536259,699,2,,,-1,,
1761104536288,700,0,,,-1,,
1761104536288,700,1,,,-1,,
1761104536288,700,2,,,-1,,
1761104536317,701,0,,,-1,,
1761104536317,701,1,,,-1,,
1761104536317,701,2,,,-1,,
1761104536346,702,0,,,-1,,
1761104536346,702,1,,,-1,,
1761104536346,702,2,,,-1,,
1761104536375,703,0,,,-1,,
1761104536375,703,1,,,-1,,
1761104536375,703,2,,,-1,,
1761104536404,704,0,,,-1,,
1761104536404,704,1,,,-1,,
1761104536404,704,2,,,-1,,
1761104536433,705,0,,,-1,,
1761104536433,705,1,,,-1,,
1761104536433,705,2,,,-1,,
1761104536461,706,0,,,-1,,
1761104536461,706,1,,,-1,,
1761104536461,706,2,,,-1,,
1761104536490,707,0,,,-1,,
1761104536490,707,1,,,-1,,
1761104536490,707,2,,,-1,,
1761104536519,708,0,,,-1,,
1761104536519,708,1,,,-1,,
1761104536519,708,2,,,-1,,
1761104536548,709,0,,,-1,,
1761104536548,709,1,,,-1,,
1761104536548,709,2,,,-1,,
1761104536577,710,0,,,-1,,
1761104536577,710,1,,,-1,,
1761104536577,710,2,,,-1,,
1761104536607,711,0,,,-1,,
1761104536607,711,1,,,-1,,
1761104536607,711,2,,,-1,,
1761104536637,712,0,,,-1,,
1761104536637,712,1,,,-1,,
1761104536637,712,2,,,-1,,
1761104536666,713,0,,,-1,,
1761104536666,713,1,,,-1,,
1761104536666,713,2,,,-1,,
1761104536695,714,0,,,-1,,
1761104536695,714,1,,,-1,,
1761104536695,714,2,,,-1,,
1761104536725,715,0,,,-1,,
1761104536725,715,1,,,-1,,
1761104536725,715,2,,,-1,,
1761104536754,716,0,,,-1,,
1761104536754,716,1,,,-1,,
1761104536754,716,2,,,-1,,
1761104536783,717,0,,,-1,,
1761104536783,717,1,,,-1,,
1761104536783,717,2,,,-1,,
1761104536812,718,0,,,-1,,
1761104536812,718,1,,,-1,,
1761104536812,718,2,,,-1,,
1761104536841,719,0,,,-1,,
1761104536841,719,1,,,-1,,
1761104536841,719,2,,,-1,,
1761104536870,720,0,,,-1,,
1761104536870,720,1,,,-1,,
1761104536870,720,2,,,-1,,
1761104536899,721,0,,,-1,,
1761104536899,721,1,,,-1,,
1761104536899,721,2,,,-1,,
1761104536928,722,0,,,-1,,
1761104536928,722,1,,,-1,,
1761104536928,722,2,,,-1,,
1761104536957,723,0,,,-1,,
1761104536957,723,1,,,-1,,
1761104536957,723,2,,,-1,,
1761104536987,724,0,,,-1,,
1761104536987,724,1,,,-1,,
1761104536987,724,2,,,-1,,
1761104537016,725,0,,,-1,,
1761104537016,725,1,,,-1,,
1761104537016,725,2,,,-1,,
1761104537045,726,0,,,-1,,
1761104537045,726,1,,,-1,,
1761104537045,726,2,,,-1,,
1761104537074,727,0,,,-1,,
1761104537074,727,1,,,-1,,
1761104537074,727,2,,,-1,,
1761104537104,728,0,,,-1,,
1761104537104,728,1,,,-1,,
1761104537104,728,2,,,-1,,
1761104537133,729,0,,,-1,,
1761104537133,729,1,,,-1,,
1761104537133,729,2,,,-1,,
1761104537162,730,0,,,-1,,
1761104537162,730,1,,,-1,,
1761104537162,730,2,,,-1,,
1761104537191,731,0,,,-1,,
1761104537191,731,1,,,-1,,
1761104537191,731,2,,,-1,,
1761104537220,732,0,,,-1,,
1761104537220,732,1,,,-1,,
1761104537220,732,2,,,-1,,
1761104537249,733,0,,,-1,,
1761104537249,733,1,,,-1,,
1761104537249,733,2,,,-1,,
1761104537279,734,0,,,-1,,
1761104537279,734,1,,,-1,,
1761104537279,734,2,,,-1,,
1761104537309,735,0,,,-1,,
1761104537309,735,1,,,-1,,
1761104537309,735,2,,,-1,,
1761104537339,736,0,,,-1,,
1761104537339,736,1,,,-1,,
1761104537339,736,2,,,-1,,
1761104537370,737,0,,,-1,,
1761104537370,737,1,,,-1,,
1761104537370,737,2,,,-1,,
1761104537400,738,0,,,-1,,
1761104537400,738,1,,,-1,,
1761104537400,738,2,,,-1,,
1761104537431,739,0,,,-1,,
1761104537431,739,1,,,-1,,
1761104537431,739,2,,,-1,,
1761104539263,740,0,,,-1,,
1761104539263,740,1,,,-1,,
1761104539263,740,2,,,-1,,
1761104539292,741,0,,,-1,,
1761104539292,741,1,,,-1,,
1761104539292,741,2,,,-1,,
1761104539320,742,0,,,-1,,
1761104539320,742,1,,,-1,,
1761104539320,742,2,,,-1,,
1761104539349,743,0,,,-1,,
1761104539349,743,1,,,-1,,
1761104539349,743,2,,,-1,,
1761104539377,744,0,,,-1,,
1761104539377,744,1,,,-1,,
1761104539377,744,2,,,-1,,
1761104539406,745,0,,,-1,,
1761104539406,745,1,,,-1,,
1761104539406,745,2,,,-1,,
1761104539434,746,0,,,-1,,
1761104539434,746,1,,,-1,,
1761104539434,746,2,,,-1,,
1761104539464,747,0,,,-1,,
1761104539464,747,1,,,-1,,
1761104539464,747,2,,,-1,,
1761104539492,748,0,,,-1,,
1761104539492,748,1,,,-1,,
1761104539492,748,2,,,-1,,
1761104539520,749,0,,,-1,,
1761104539520,749,1,,,-1,,
1761104539520,749,2,,,-1,,
1761104539549,750,0,,,-1,,
1761104539549,750,1,,,-1,,
1761104539549,750,2,,,-1,,
1761104539578,751,0,,,-1,,
1761104539578,751,1,,,-1,,
1761104539578,751,2,,,-1,,
1761104539607,752,0,,,-1,,
1761104539607,752,1,,,-1,,
1761104539607,752,2,,,-1,,
1761104539636,753,0,,,-1,,
1761104539636,753,1,,,-1,,
1761104539636,753,2,,,-1,,
1761104539664,754,0,,,-1,,
1761104539664,754,1,,,-1,,
1761104539664,754,2,,,-1,,
1761104539693,755,0,,,-1,,
1761104539693,755,1,,,-1,,
1761104539693,755,2,,,-1,,
1761104539721,756,0,,,-1,,
1761104539721,756,1,,,-1,,
1761104539721,756,2,,,-1,,
1761104539750,757,0,,,-1,,
1761104539750,757,1,,,-1,,
1761104539750,757,2,,,-1,,
1761104539778,758,0,,,-1,,
1761104539778,758,1,,,-1,,
1761104539778,758,2,,,-1,,
1761104539807,759,0,,,-1,,
1761104539807,759,1,,,-1,,
1761104539807,759,2,,,-1,,
1761104539836,760,0,,,-1,,
1761104539836,760,1,,,-1,,
1761104539836,760,2,,,-1,,
1761104539865,761,0,,,-1,,
1761104539865,761,1,,,-1,,
1761104539865,761,2,,,-1,,
1761104539894,762,0,,,-1,,
1761104539894,762,1,,,-1,,
1761104539894,762,2,,,-1,,
1761104539922,763,0,,,-1,,
1761104539922,763,1,,,-1,,
1761104539922,763,2,,,-1,,
1761104539951,764,0,,,-1,,
1761104539951,764,1,,,-1,,
1761104539951,764,2,,,-1,,
1761104539980,765,0,,,-1,,
1761104539980,765,1,,,-1,,
1761104539980,765,2,,,-1,,
1761104540008,766,0,,,-1,,
1761104540008,766,1,,,-1,,
1761104540008,766,2,,,-1,,
1761104540037,767,0,,,-1,,
1761104540037,767,1,,,-1,,
1761104540037,767,2,,,-1,,
1761104540066,768,0,,,-1,,
1761104540066,768,1,,,-1,,
1761104540066,768,2,,,-1,,
1761104540095,769,0,,,-1,,
1761104540095,769,1,,,-1,,
1761104540095,769,2,,,-1,,
1761104540124,770,0,,,-1,,
1761104540124,770,1,,,-1,,
1761104540124,770,2,,,-1,,
1761104540152,771,0,,,-1,,
1761104540152,771,1,,,-1,,
1761104540152,771,2,,,-1,,
1761104540181,772,0,,,-1,,
1761104540181,772,1,,,-1,,
1761104540181,772,2,,,-1,,
1761104540210,773,0,,,-1,,
1761104540210,773,1,,,-1,,
1761104540210,773,2,,,-1,,
1761104540239,774,0,,,-1,,
1761104540239,774,1,,,-1,,
1761104540239,774,2,,,-1,,
1761104540269,775,0,,,-1,,
1761104540269,775,1,,,-1,,
1761104540269,775,2,,,-1,,
1761104540299,776,0,,,-1,,
1761104540299,776,1,,,-1,,
1761104540299,776,2,,,-1,,
1761104540329,777,0,,,-1,,
1761104540329,777,1,,,-1,,
1761104540329,777,2,,,-1,,
1761104540358,778,0,,,-1,,
1761104540359,778,1,,,-1,,
1761104540359,778,2,,,-1,,
1761104540387,779,0,,,-1,,
1761104540387,779,1,,,-1,,
1761104540387,779,2,,,-1,,
1761104540416,780,0,,,-1,,
1761104540416,780,1,,,-1,,
1761104540416,780,2,,,-1,,
1761104540445,781,0,,,-1,,
1761104540445,781,1,,,-1,,
1761104540445,781,2,,,-1,,
1761104540474,782,0,,,-1,,
1761104540474,782,1,,,-1,,
1761104540474,782,2,,,-1,,
1761104540504,783,0,,,-1,,
1761104540504,783,1,,,-1,,
1761104540504,783,2,,,-1,,
1761104540533,784,0,,,-1,,
1761104540533,784,1,,,-1,,
1761104540533,784,2,,,-1,,
1761104542366,785,0,,,-1,,
1761104542366,785,1,,,-1,,
1761104542366,785,2,,,-1,,
1761104542396,786,0,,,-1,,
1761104542396,786,1,,,-1,,
1761104542396,786,2,,,-1,,
1761104542425,787,0,,,-1,,
1761104542425,787,1,,,-1,,
1761104542425,787,2,,,-1,,
1761104542453,788,0,,,-1,,
1761104542453,788,1,,,-1,,
1761104542453,788,2,,,-1,,
1761104542482,789,0,,,-1,,
1761104542482,789,1,,,-1,,
1761104542482,789,2,,,-1,,
1761104542511,790,0,,,-1,,
1761104542511,790,1,,,-1,,
1761104542511,790,2,,,-1,,
1761104542539,791,0,,,-1,,
1761104542539,791,1,,,-1,,
1761104542539,791,2,,,-1,,
1761104542568,792,0,,,-1,,
1761104542568,792,1,,,-1,,
1761104542568,792,2,,,-1,,
1761104542597,793,0,,,-1,,
1761104542597,793,1,,,-1,,
1761104542597,793,2,,,-1,,
1761104542625,794,0,,,-1,,
1761104542625,794,1,,,-1,,
1761104542625,794,2,,,-1,,
1761104542654,795,0,,,-1,,
1761104542654,795,1,,,-1,,
1761104542654,795,2,,,-1,,
1761104542682,796,0,,,-1,,
1761104542682,796,1,,,-1,,
1761104542682,796,2,,,-1,,
1761104542711,797,0,,,-1,,
1761104542711,797,1,,,-1,,
1761104542711,797,2,,,-1,,
1761104542740,798,0,,,-1,,
1761104542741,798,1,,,-1,,
1761104542741,798,2,,,-1,,
1761104542770,799,0,,,-1,,
1761104542771,799,1,,,-1,,
1761104542771,799,2,,,-1,,
1761104542800,800,0,,,-1,,
1761104542800,800,1,,,-1,,
1761104542800,800,2,,,-1,,
1761104542828,801,0,,,-1,,
1761104542828,801,1,,,-1,,
1761104542828,801,2,,,-1,,
1761104542857,802,0,,,-1,,
1761104542857,802,1,,,-1,,
1761104542857,802,2,,,-1,,
1761104542885,803,0,,,-1,,
1761104542885,803,1,,,-1,,
1761104542885,803,2,,,-1,,
1761104542914,804,0,,,-1,,
1761104542914,804,1,,,-1,,
1761104542914,804,2,,,-1,,
1761104542943,805,0,,,-1,,
1761104542943,805,1,,,-1,,
1761104542943,805,2,,,-1,,
1761104542971,806,0,,,-1,,
1761104542971,806,1,,,-1,,
1761104542971,806,2,,,-1,,
1761104543000,807,0,,,-1,,
1761104543000,807,1,,,-1,,
1761104543000,807,2,,,-1,,
1761104543029,808,0,,,-1,,
1761104543029,808,1,,,-1,,
1761104543029,808,2,,,-1,,
1761104543057,809,0,,,-1,,
1761104543057,809,1,,,-1,,
1761104543057,809,2,,,-1,,
1761104543086,810,0,,,-1,,
1761104543086,810,1,,,-1,,
1761104543086,810,2,,,-1,,
1761104543114,811,0,,,-1,,
1761104543114,811,1,,,-1,,
1761104543114,811,2,,,-1,,
1761104543143,812,0,,,-1,,
1761104543143,812,1,,,-1,,
1761104543143,812,2,,,-1,,
1761104543172,813,0,,,-1,,
1761104543172,813,1,,,-1,,
1761104543172,813,2,,,-1,,
1761104543201,814,0,,,-1,,
1761104543201,814,1,,,-1,,
1761104543201,814,2,,,-1,,
1761104543230,815,0,,,-1,,
1761104543230,815,1,,,-1,,
1761104543230,815,2,,,-1,,
1761104543259,816,0,,,-1,,
1761104543259,816,1,,,-1,,
1761104543259,816,2,,,-1,,
1761104543288,817,0,,,-1,,
1761104543288,817,1,,,-1,,
1761104543288,817,2,,,-1,,
1761104543317,818,0,,,-1,,
1761104543317,818,1,,,-1,,
1761104543317,818,2,,,-1,,
1761104543346,819,0,,,-1,,
1761104543346,819,1,,,-1,,
1761104543346,819,2,,,-1,,
1761104543375,820,0,,,-1,,
1761104543375,820,1,,,-1,,
1761104543375,820,2,,,-1,,
1761104543404,821,0,,,-1,,
1761104543404,821,1,,,-1,,
1761104543404,821,2,,,-1,,
1761104543433,822,0,,,-1,,
1761104543433,822,1,,,-1,,
1761104543433,822,2,,,-1,,
1761104543462,823,0,,,-1,,
1761104543462,823,1,,,-1,,
1761104543462,823,2,,,-1,,
1761104543490,824,0,,,-1,,
1761104543490,824,1,,,-1,,
1761104543490,824,2,,,-1,,
1761104543519,825,0,,,-1,,
1761104543519,825,1,,,-1,,
1761104543519,825,2,,,-1,,
1761104543548,826,0,,,-1,,
1761104543548,826,1,,,-1,,
1761104543548,826,2,,,-1,,
1761104543578,827,0,,,-1,,
1761104543578,827,1,,,-1,,
1761104543578,827,2,,,-1,,
1761104543607,828,0,,,-1,,
1761104543607,828,1,,,-1,,
1761104543607,828,2,,,-1,,
1761104543636,829,0,,,-1,,
1761104543636,829,1,,,-1,,
1761104543636,829,2,,,-1,,
1761104543665,830,0,,,-1,,
1761104543666,830,1,,,-1,,
1761104543666,830,2,,,-1,,
1761104543695,831,0,,,-1,,
1761104543695,831,1,,,-1,,
1761104543695,831,2,,,-1,,
1761104543724,832,0,,,-1,,
1761104543724,832,1,,,-1,,
1761104543724,832,2,,,-1,,
1761104543753,833,0,,,-1,,
1761104543753,833,1,,,-1,,
1761104543753,833,2,,,-1,,
1761104543782,834,0,,,-1,,
1761104543782,834,1,,,-1,,
1761104543782,834,2,,,-1,,
1761104543811,835,0,,,-1,,
1761104543811,835,1,,,-1,,
1761104543811,835,2,,,-1,,
1761104543840,836,0,,,-1,,
1761104543840,836,1,,,-1,,
1761104543840,836,2,,,-1,,
1761104543869,837,0,,,-1,,
1761104543869,837,1,,,-1,,
1761104543869,837,2,,,-1,,
1761104543898,838,0,,,-1,,
1761104543898,838,1,,,-1,,
1761104543898,838,2,,,-1,,
1761104543927,839,0,,,-1,,
1761104543927,839,1,,,-1,,
1761104543927,839,2,,,-1,,
1761104543956,840,0,,,-1,,
1761104543956,840,1,,,-1,,
1761104543956,840,2,,,-1,,
1761104543985,841,0,,,-1,,
1761104543985,841,1,,,-1,,
1761104543985,841,2,,,-1,,
1761104544014,842,0,,,-1,,
1761104544014,842,1,,,-1,,
1761104544014,842,2,,,-1,,
1761104544043,843,0,,,-1,,
1761104544043,843,1,,,-1,,
1761104544043,843,2,,,-1,,
1761104544073,844,0,,,-1,,
1761104544073,844,1,,,-1,,
1761104544073,844,2,,,-1,,
1761104544102,845,0,,,-1,,
1761104544102,845,1,,,-1,,
1761104544102,845,2,,,-1,,
1761104544132,846,0,,,-1,,
1761104544132,846,1,,,-1,,
1761104544132,846,2,,,-1,,
1761104544162,847,0,,,-1,,
1761104544162,847,1,,,-1,,
1761104544162,847,2,,,-1,,
1761104544192,848,0,,,-1,,
1761104544192,848,1,,,-1,,
1761104544192,848,2,,,-1,,
1761104544222,849,0,,,-1,,
1761104544222,849,1,,,-1,,
1761104544222,849,2,,,-1,,
1761104544252,850,0,,,-1,,
1761104544252,850,1,,,-1,,
1761104544252,850,2,,,-1,,
1761104544282,851,0,,,-1,,
1761104544282,851,1,,,-1,,
1761104544282,851,2,,,-1,,
1761104544312,852,0,,,-1,,
1761104544312,852,1,,,-1,,
1761104544312,852,2,,,-1,,
1761104544342,853,0,,,-1,,
1761104544342,853,1,,,-1,,
1761104544342,853,2,,,-1,,
1761104544372,854,0,,,-1,,
1761104544372,854,1,,,-1,,
1761104544372,854,2,,,-1,,
1761104544403,855,0,,,-1,,
1761104544403,855,1,,,-1,,
1761104544403,855,2,,,-1,,
1761104544434,856,0,,,-1,,
1761104544434,856,1,,,-1,,
1761104544434,856,2,,,-1,,
1761104544464,857,0,,,-1,,
1761104544465,857,1,,,-1,,
1761104544465,857,2,,,-1,,
1761104544495,858,0,,,-1,,
1761104544495,858,1,,,-1,,
1761104544495,858,2,,,-1,,
1761104544525,859,0,,,-1,,
1761104544525,859,1,,,-1,,
1761104544525,859,2,,,-1,,
1761104544555,860,0,,,-1,,
1761104544555,860,1,,,-1,,
1761104544555,860,2,,,-1,,
1761104544585,861,0,,,-1,,
1761104544585,861,1,,,-1,,
1761104544585,861,2,,,-1,,
1761104544615,862,0,,,-1,,
1761104544615,862,1,,,-1,,
1761104544615,862,2,,,-1,,
1761104544645,863,0,,,-1,,
1761104544645,863,1,,,-1,,
1761104544645,863,2,,,-1,,
1761104544675,864,0,,,-1,,
1761104544675,864,1,,,-1,,
1761104544675,864,2,,,-1,,
1761104544706,865,0,,,-1,,
1761104544706,865,1,,,-1,,
1761104544706,865,2,,,-1,,
1761104544736,866,0,,,-1,,
1761104544736,866,1,,,-1,,
1761104544736,866,2,,,-1,,
1761104544766,867,0,,,-1,,
1761104544766,867,1,,,-1,,
1761104544766,867,2,,,-1,,
1761104544797,868,0,,,-1,,
1761104544797,868,1,,,-1,,
1761104544797,868,2,,,-1,,
1761104544828,869,0,,,-1,,
1761104544828,869,1,,,-1,,
1761104544828,869,2,,,-1,,
1761104544858,870,0,,,-1,,
1761104544858,870,1,,,-1,,
1761104544858,870,2,,,-1,,
1761104544889,871,0,,,-1,,
1761104544889,871,1,,,-1,,
1761104544889,871,2,,,-1,,
1761104544919,872,0,,,-1,,
1761104544919,872,1,,,-1,,
1761104544919,872,2,,,-1,,
1761104544949,873,0,,,-1,,
1761104544949,873,1,,,-1,,
1761104544949,873,2,,,-1,,
1761104544980,874,0,,,-1,,
1761104544980,874,1,,,-1,,
1761104544980,874,2,,,-1,,
1761104545010,875,0,,,-1,,
1761104545010,875,1,,,-1,,
1761104545010,875,2,,,-1,,
1761104545040,876,0,,,-1,,
1761104545040,876,1,,,-1,,
1761104545040,876,2,,,-1,,
1761104545070,877,0,,,-1,,
1761104545070,877,1,,,-1,,
1761104545070,877,2,,,-1,,
1761104545100,878,0,,,-1,,
1761104545100,878,1,,,-1,,
1761104545100,878,2,,,-1,,
1761104545131,879,0,,,-1,,
1761104545131,879,1,,,-1,,
1761104545131,879,2,,,-1,,
1761104545161,880,0,,,-1,,
1761104545161,880,1,,,-1,,
1761104545161,880,2,,,-1,,
1761104545191,881,0,,,-1,,
1761104545191,881,1,,,-1,,
1761104545191,881,2,,,-1,,
1761104545222,882,0,,,-1,,
1761104545222,882,1,,,-1,,
1761104545222,882,2,,,-1,,
1761104545252,883,0,,,-1,,
1761104545252,883,1,,,-1,,
1761104545252,883,2,,,-1,,
1761104545283,884,0,,,-1,,
1761104545283,884,1,,,-1,,
1761104545283,884,2,,,-1,,
1761104545313,885,0,,,-1,,
1761104545313,885,1,,,-1,,
1761104545313,885,2,,,-1,,
1761104545343,886,0,,,-1,,
1761104545343,886,1,,,-1,,
1761104545343,886,2,,,-1,,
1761104545374,887,0,,,-1,,
1761104545374,887,1,,,-1,,
1761104545374,887,2,,,-1,,
1761104545404,888,0,,,-1,,
1761104545404,888,1,,,-1,,
1761104545404,888,2,,,-1,,
1761104545434,889,0,,,-1,,
1761104545434,889,1,,,-1,,
1761104545434,889,2,,,-1,,
1761104545465,890,0,,,-1,,
1761104545465,890,1,,,-1,,
1761104545465,890,2,,,-1,,
1761104545495,891,0,,,-1,,
1761104545495,891,1,,,-1,,
1761104545495,891,2,,,-1,,
1761104545526,892,0,,,-1,,
1761104545526,892,1,,,-1,,
1761104545526,892,2,,,-1,,
1761104545556,893,0,,,-1,,
1761104545556,893,1,,,-1,,
1761104545556,893,2,,,-1,,
1761104545586,894,0,,,-1,,
1761104545586,894,1,,,-1,,
1761104545586,894,2,,,-1,,
1761104545617,895,0,,,-1,,
1761104545617,895,1,,,-1,,
1761104545617,895,2,,,-1,,
1761104545648,896,0,,,-1,,
1761104545648,896,1,,,-1,,
1761104545648,896,2,,,-1,,
1761104545678,897,0,,,-1,,
1761104545678,897,1,,,-1,,
1761104545678,897,2,,,-1,,
1761104545709,898,0,,,-1,,
1761104545709,898,1,,,-1,,
1761104545709,898,2,,,-1,,
1761104545739,899,0,,,-1,,
1761104545739,899,1,,,-1,,
1761104545739,899,2,,,-1,,
1761104545770,900,0,,,-1,,
1761104545770,900,1,,,-1,,
1761104545770,900,2,,,-1,,
1761104545801,901,0,,,-1,,
1761104545801,901,1,,,-1,,
1761104545801,901,2,,,-1,,
1761104545831,902,0,,,-1,,
1761104545831,902,1,,,-1,,
1761104545831,902,2,,,-1,,
1761104545862,903,0,,,-1,,
1761104545862,903,1,,,-1,,
1761104545862,903,2,,,-1,,
1761104545892,904,0,,,-1,,
1761104545892,904,1,,,-1,,
1761104545892,904,2,,,-1,,
1761104545923,905,0,,,-1,,
1761104545923,905,1,,,-1,,
1761104545923,905,2,,,-1,,
1761104545953,906,0,,,-1,,
1761104545953,906,1,,,-1,,
1761104545953,906,2,,,-1,,
1761104545984,907,0,,,-1,,
1761104545984,907,1,,,-1,,
1761104545984,907,2,,,-1,,
1761104546015,908,0,,,-1,,
1761104546015,908,1,,,-1,,
1761104546015,908,2,,,-1,,
1761104546045,909,0,,,-1,,
1761104546045,909,1,,,-1,,
1761104546045,909,2,,,-1,,
1761104546076,910,0,,,-1,,
1761104546076,910,1,,,-1,,
1761104546076,910,2,,,-1,,
1761104547909,911,0,,,-1,,
1761104547909,911,1,,,-1,,
1761104547909,911,2,,,-1,,
1761104547937,912,0,,,-1,,
1761104547937,912,1,,,-1,,
1761104547937,912,2,,,-1,,
1761104547966,913,0,,,-1,,
1761104547966,913,1,,,-1,,
1761104547966,913,2,,,-1,,
1761104547995,914,0,,,-1,,
1761104547995,914,1,,,-1,,
1761104547995,914,2,,,-1,,
1761104548024,915,0,,,-1,,
1761104548024,915,1,,,-1,,
1761104548024,915,2,,,-1,,
1761104548053,916,0,,,-1,,
1761104548053,916,1,,,-1,,
1761104548053,916,2,,,-1,,
1761104548081,917,0,,,-1,,
1761104548081,917,1,,,-1,,
1761104548081,917,2,,,-1,,
1761104548110,918,0,,,-1,,
1761104548110,918,1,,,-1,,
1761104548110,918,2,,,-1,,
1761104548138,919,0,,,-1,,
1761104548139,919,1,,,-1,,
1761104548139,919,2,,,-1,,
1761104548168,920,0,,,-1,,
1761104548168,920,1,,,-1,,
1761104548168,920,2,,,-1,,
1761104548197,921,0,,,-1,,
1761104548197,921,1,,,-1,,
1761104548197,921,2,,,-1,,
1761104661118,922,0,,,-1,,
1761104661118,922,1,,,-1,,
1761104661118,922,2,,,-1,,
1761104661147,923,0,,,-1,,
1761104661147,923,1,,,-1,,
1761104661147,923,2,,,-1,,
1761104661176,924,0,,,-1,,
1761104661176,924,1,,,-1,,
1761104661176,924,2,,,-1,,
1761104661205,925,0,,,-1,,
1761104661205,925,1,,,-1,,
1761104661205,925,2,,,-1,,
1761104661233,926,0,,,-1,,
1761104661233,926,1,,,-1,,
1761104661233,926,2,,,-1,,
1761104661262,927,0,,,-1,,
1761104661262,927,1,,,-1,,
1761104661262,927,2,,,-1,,
1761104661291,928,0,,,-1,,
1761104661291,928,1,,,-1,,
1761104661291,928,2,,,-1,,
1761104661319,929,0,,,-1,,
1761104661319,929,1,,,-1,,
1761104661319,929,2,,,-1,,
1761104661348,930,0,,,-1,,
1761104661348,930,1,,,-1,,
1761104661348,930,2,,,-1,,
1761104661377,931,0,,,-1,,
1761104661377,931,1,,,-1,,
1761104661377,931,2,,,-1,,
1761104661408,932,0,,,-1,,
1761104661408,932,1,,,-1,,
1761104661408,932,2,,,-1,,
1761104661438,933,0,,,-1,,
1761104661438,933,1,,,-1,,
1761104661438,933,2,,,-1,,
1761104661467,934,0,,,-1,,
1761104661467,934,1,,,-1,,
1761104661467,934,2,,,-1,,
1761104661495,935,0,,,-1,,
1761104661495,935,1,,,-1,,
1761104661495,935,2,,,-1,,
1761104661524,936,0,,,-1,,
1761104661524,936,1,,,-1,,
1761104661524,936,2,,,-1,,
1761104661553,937,0,,,-1,,
1761104661553,937,1,,,-1,,
1761104661553,937,2,,,-1,,
1761104661582,938,0,,,-1,,
1761104661582,938,1,,,-1,,
1761104661582,938,2,,,-1,,
1761104661611,939,0,,,-1,,
1761104661611,939,1,,,-1,,
1761104661611,939,2,,,-1,,
1761104661640,940,0,,,-1,,
1761104661640,940,1,,,-1,,
1761104661640,940,2,,,-1,,
1761104661669,941,0,,,-1,,
1761104661669,941,1,,,-1,,
1761104661669,941,2,,,-1,,
1761104661698,942,0,,,-1,,
1761104661698,942,1,,,-1,,
1761104661698,942,2,,,-1,,
1761104661727,943,0,,,-1,,
1761104661727,943,1,,,-1,,
1761104661727,943,2,,,-1,,
1761104661756,944,0,,,-1,,
1761104661756,944,1,,,-1,,
1761104661756,944,2,,,-1,,
1761104661785,945,0,,,-1,,
1761104661785,945,1,,,-1,,
1761104661785,945,2,,,-1,,
1761104661814,946,0,,,-1,,
1761104661814,946,1,,,-1,,
1761104661814,946,2,,,-1,,
1761104661844,947,0,,,-1,,
1761104661844,947,1,,,-1,,
1761104661844,947,2,,,-1,,
1761104661874,948,0,,,-1,,
1761104661874,948,1,,,-1,,
1761104661874,948,2,,,-1,,
1761104661903,949,0,,,-1,,
1761104661903,949,1,,,-1,,
1761104661903,949,2,,,-1,,
1761104661932,950,0,,,-1,,
1761104661932,950,1,,,-1,,
1761104661932,950,2,,,-1,,
1761104661962,951,0,,,-1,,
1761104661962,951,1,,,-1,,
1761104661962,951,2,,,-1,,
1761104661991,952,0,,,-1,,
1761104661991,952,1,,,-1,,
1761104661991,952,2,,,-1,,
1761104662020,953,0,,,-1,,
1761104662020,953,1,,,-1,,
1761104662020,953,2,,,-1,,
1761104662049,954,0,,,-1,,
1761104662049,954,1,,,-1,,
1761104662049,954,2,,,-1,,
1761104662079,955,0,,,-1,,
1761104662079,955,1,,,-1,,
1761104662079,955,2,,,-1,,
1761104662107,956,0,,,-1,,
1761104662107,956,1,,,-1,,
1761104662108,956,2,,,-1,,
1761104662137,957,0,,,-1,,
1761104662137,957,1,,,-1,,
1761104662137,957,2,,,-1,,
1761104662166,958,0,,,-1,,
1761104662166,958,1,,,-1,,
1761104662166,958,2,,,-1,,
1761104662195,959,0,,,-1,,
1761104662195,959,1,,,-1,,
1761104662195,959,2,,,-1,,
1761104662224,960,0,,,-1,,
1761104662224,960,1,,,-1,,
1761104662224,960,2,,,-1,,
1761104662253,961,0,,,-1,,
1761104662253,961,1,,,-1,,
1761104662253,961,2,,,-1,,
1761104662282,962,0,,,-1,,
1761104662282,962,1,,,-1,,
1761104662282,962,2,,,-1,,
1761104662312,963,0,,,-1,,
1761104662312,963,1,,,-1,,
1761104662312,963,2,,,-1,,
1761104662341,964,0,,,-1,,
1761104662341,964,1,,,-1,,
1761104662341,964,2,,,-1,,
1761104662370,965,0,,,-1,,
1761104662370,965,1,,,-1,,
1761104662370,965,2,,,-1,,
1761104662399,966,0,,,-1,,
1761104662399,966,1,,,-1,,
1761104662399,966,2,,,-1,,
1761104662428,967,0,,,-1,,
1761104662428,967,1,,,-1,,
1761104662428,967,2,,,-1,,
1761104662457,968,0,,,-1,,
1761104662457,968,1,,,-1,,
1761104662457,968,2,,,-1,,
1761104662487,969,0,,,-1,,
1761104662487,969,1,,,-1,,
1761104662487,969,2,,,-1,,
1761104662516,970,0,,,-1,,
1761104662516,970,1,,,-1,,
1761104662516,970,2,,,-1,,
1761104664324,971,0,,,-1,,
1761104664324,971,1,,,-1,,
1761104664324,971,2,,,-1,,
1761104664353,972,0,,,-1,,
1761104664353,972,1,,,-1,,
1761104664353,972,2,,,-1,,
1761104664381,973,0,,,-1,,
1761104664381,973,1,,,-1,,
1761104664381,973,2,,,-1,,
1761104664410,974,0,,,-1,,
1761104664410,974,1,,,-1,,
1761104664410,974,2,,,-1,,
1761104664439,975,0,,,-1,,
1761104664439,975,1,,,-1,,
1761104664439,975,2,,,-1,,
1761104664469,976,0,,,-1,,
1761104664469,976,1,,,-1,,
1761104664469,976,2,,,-1,,
1761104664497,977,0,,,-1,,
1761104664497,977,1,,,-1,,
1761104664497,977,2,,,-1,,
1761104664526,978,0,,,-1,,
1761104664526,978,1,,,-1,,
1761104664526,978,2,,,-1,,
1761104664555,979,0,,,-1,,
1761104664555,979,1,,,-1,,
1761104664555,979,2,,,-1,,
1761104664584,980,0,,,-1,,
1761104664584,980,1,,,-1,,
1761104664584,980,2,,,-1,,
1761104664613,981,0,,,-1,,
1761104664613,981,1,,,-1,,
1761104664613,981,2,,,-1,,
1761104664641,982,0,,,-1,,
1761104664642,982,1,,,-1,,
1761104664642,982,2,,,-1,,
1761104664670,983,0,,,-1,,
1761104664670,983,1,,,-1,,
1761104664670,983,2,,,-1,,
1761104664699,984,0,,,-1,,
1761104664699,984,1,,,-1,,
1761104664699,984,2,,,-1,,
1761104664728,985,0,,,-1,,
1761104664728,985,1,,,-1,,
1761104664728,985,2,,,-1,,
1761104664756,986,0,,,-1,,
1761104664756,986,1,,,-1,,
1761104664756,986,2,,,-1,,
1761104664785,987,0,,,-1,,
1761104664785,987,1,,,-1,,
1761104664785,987,2,,,-1,,
1761104664814,988,0,,,-1,,
1761104664814,988,1,,,-1,,
1761104664814,988,2,,,-1,,
1761104664842,989,0,,,-1,,
1761104664842,989,1,,,-1,,
1761104664842,989,2,,,-1,,
1761104664871,990,0,,,-1,,
1761104664871,990,1,,,-1,,
1761104664871,990,2,,,-1,,
1761104664899,991,0,,,-1,,
1761104664899,991,1,,,-1,,
1761104664899,991,2,,,-1,,
1761104664928,992,0,,,-1,,
1761104664928,992,1,,,-1,,
1761104664928,992,2,,,-1,,
1761104664957,993,0,,,-1,,
1761104664957,993,1,,,-1,,
1761104664957,993,2,,,-1,,
1761104664986,994,0,,,-1,,
1761104664986,994,1,,,-1,,
1761104664986,994,2,,,-1,,
1761104665014,995,0,,,-1,,
1761104665014,995,1,,,-1,,
1761104665014,995,2,,,-1,,
1761104665043,996,0,,,-1,,
1761104665043,996,1,,,-1,,
1761104665043,996,2,,,-1,,
1761104665072,997,0,,,-1,,
1761104665072,997,1,,,-1,,
1761104665072,997,2,,,-1,,
1761104665101,998,0,,,-1,,
1761104665101,998,1,,,-1,,
1761104665101,998,2,,,-1,,
1761104665129,999,0,,,-1,,
1761104665129,999,1,,,-1,,
1761104665129,999,2,,,-1,,
1761104665158,1000,0,,,-1,,
1761104665158,1000,1,,,-1,,
1761104665158,1000,2,,,-1,,
1761104665187,1001,0,,,-1,,
1761104665187,1001,1,,,-1,,
1761104665187,1001,2,,,-1,,
1761104665216,1002,0,,,-1,,
1761104665216,1002,1,,,-1,,
1761104665216,1002,2,,,-1,,
1761104665245,1003,0,,,-1,,
1761104665245,1003,1,,,-1,,
1761104665245,1003,2,,,-1,,
1761104665274,1004,0,,,-1,,
1761104665274,1004,1,,,-1,,
1761104665274,1004,2,,,-1,,
1761104665303,1005,0,,,-1,,
1761104665303,1005,1,,,-1,,
1761104665303,1005,2,,,-1,,
1761104665332,1006,0,,,-1,,
1761104665332,1006,1,,,-1,,
1761104665332,1006,2,,,-1,,
1761104665361,1007,0,,,-1,,
1761104665361,1007,1,,,-1,,
1761104665361,1007,2,,,-1,,
1761104665390,1008,0,,,-1,,
1761104665390,1008,1,,,-1,,
1761104665390,1008,2,,,-1,,
1761104665419,1009,0,,,-1,,
1761104665419,1009,1,,,-1,,
1761104665419,1009,2,,,-1,,
1761104665448,1010,0,,,-1,,
1761104665448,1010,1,,,-1,,
1761104665448,1010,2,,,-1,,
1761104665479,1011,0,,,-1,,
1761104665479,1011,1,,,-1,,
1761104665479,1011,2,,,-1,,
1761104665511,1012,0,,,-1,,
1761104665511,1012,1,,,-1,,
1761104665511,1012,2,,,-1,,
1761104665541,1013,0,,,-1,,
1761104665541,1013,1,,,-1,,
1761104665541,1013,2,,,-1,,
1761104665570,1014,0,,,-1,,
1761104665570,1014,1,,,-1,,
1761104665570,1014,2,,,-1,,
1761104665600,1015,0,,,-1,,
1761104665600,1015,1,,,-1,,
1761104665600,1015,2,,,-1,,
1761104665629,1016,0,,,-1,,
1761104665629,1016,1,,,-1,,
1761104665629,1016,2,,,-1,,
1761104665658,1017,0,,,-1,,
1761104665658,1017,1,,,-1,,
1761104665658,1017,2,,,-1,,
1761104665687,1018,0,,,-1,,
1761104665687,1018,1,,,-1,,
1761104665687,1018,2,,,-1,,
1761104665716,1019,0,,,-1,,
1761104665716,1019,1,,,-1,,
1761104665716,1019,2,,,-1,,
1761104665746,1020,0,,,-1,,
1761104665746,1020,1,,,-1,,
1761104665746,1020,2,,,-1,,
1761104665775,1021,0,,,-1,,
1761104665775,1021,1,,,-1,,
1761104665775,1021,2,,,-1,,
1761104665804,1022,0,,,-1,,
1761104665804,1022,1,,,-1,,
1761104665804,1022,2,,,-1,,
1761104665833,1023,0,,,-1,,
1761104665833,1023,1,,,-1,,
1761104665833,1023,2,,,-1,,
1761104665862,1024,0,,,-1,,
1761104665862,1024,1,,,-1,,
1761104665862,1024,2,,,-1,,
1761104665891,1025,0,,,-1,,
1761104665891,1025,1,,,-1,,
1761104665891,1025,2,,,-1,,
1761104665921,1026,0,,,-1,,
1761104665921,1026,1,,,-1,,
1761104665921,1026,2,,,-1,,
1761104665952,1027,0,,,-1,,
1761104665952,1027,1,,,-1,,
1761104665952,1027,2,,,-1,,
1761104665981,1028,0,,,-1,,
1761104665981,1028,1,,,-1,,
1761104665981,1028,2,,,-1,,
1761104666011,1029,0,,,-1,,
1761104666011,1029,1,,,-1,,
1761104666011,1029,2,,,-1,,
1761104666040,1030,0,,,-1,,
1761104666040,1030,1,,,-1,,
1761104666040,1030,2,,,-1,,
1761104666069,1031,0,,,-1,,
1761104666069,1031,1,,,-1,,
1761104666069,1031,2,,,-1,,
1761104666099,1032,0,,,-1,,
1761104666099,1032,1,,,-1,,
1761104666099,1032,2,,,-1,,
1761104666129,1033,0,,,-1,,
1761104666129,1033,1,,,-1,,
1761104666129,1033,2,,,-1,,
1761104666159,1034,0,,,-1,,
1761104666159,1034,1,,,-1,,
1761104666159,1034,2,,,-1,,
1761104666188,1035,0,,,-1,,
1761104666188,1035,1,,,-1,,
1761104666188,1035,2,,,-1,,
1761104666219,1036,0,,,-1,,
1761104666219,1036,1,,,-1,,
1761104666219,1036,2,,,-1,,
1761104666249,1037,0,,,-1,,
1761104666249,1037,1,,,-1,,
1761104666249,1037,2,,,-1,,
1761104666279,1038,0,,,-1,,
1761104666279,1038,1,,,-1,,
1761104666279,1038,2,,,-1,,
1761104666309,1039,0,,,-1,,
1761104666309,1039,1,,,-1,,
1761104666309,1039,2,,,-1,,
1761104666340,1040,0,,,-1,,
1761104666340,1040,1,,,-1,,
1761104666340,1040,2,,,-1,,
1761104666370,1041,0,,,-1,,
1761104666370,1041,1,,,-1,,
1761104666370,1041,2,,,-1,,
1761104666399,1042,0,,,-1,,
1761104666399,1042,1,,,-1,,
1761104666399,1042,2,,,-1,,
1761104666429,1043,0,,,-1,,
1761104666429,1043,1,,,-1,,
1761104666429,1043,2,,,-1,,
1761104666459,1044,0,,,-1,,
1761104666459,1044,1,,,-1,,
1761104666459,1044,2,,,-1,,
1761104666489,1045,0,,,-1,,
1761104666489,1045,1,,,-1,,
1761104666489,1045,2,,,-1,,
1761104666519,1046,0,,,-1,,
1761104666519,1046,1,,,-1,,
1761104666519,1046,2,,,-1,,
1761104666549,1047,0,,,-1,,
1761104666549,1047,1,,,-1,,
1761104666549,1047,2,,,-1,,
1761104666580,1048,0,,,-1,,
1761104666580,1048,1,,,-1,,
1761104666580,1048,2,,,-1,,
1761104666610,1049,0,,,-1,,
1761104666610,1049,1,,,-1,,
1761104666610,1049,2,,,-1,,
1761104666641,1050,0,,,-1,,
1761104666641,1050,1,,,-1,,
1761104666641,1050,2,,,-1,,
1761104666671,1051,0,,,-1,,
1761104666671,1051,1,,,-1,,
1761104666671,1051,2,,,-1,,
1761104666701,1052,0,,,-1,,
1761104666701,1052,1,,,-1,,
1761104666701,1052,2,,,-1,,
1761104666731,1053,0,,,-1,,
1761104666731,1053,1,,,-1,,
1761104666731,1053,2,,,-1,,
1761104666761,1054,0,,,-1,,
1761104666761,1054,1,,,-1,,
1761104666761,1054,2,,,-1,,
1761104666792,1055,0,,,-1,,
1761104666792,1055,1,,,-1,,
1761104666792,1055,2,,,-1,,
1761104666822,1056,0,,,-1,,
1761104666822,1056,1,,,-1,,
1761104666822,1056,2,,,-1,,
1761104666852,1057,0,,,-1,,
1761104666852,1057,1,,,-1,,
1761104666852,1057,2,,,-1,,
1761104666883,1058,0,,,-1,,
1761104666883,1058,1,,,-1,,
1761104666883,1058,2,,,-1,,
1761104666913,1059,0,,,-1,,
1761104666913,1059,1,,,-1,,
1761104666913,1059,2,,,-1,,
1761104666944,1060,0,,,-1,,
1761104666944,1060,1,,,-1,,
1761104666944,1060,2,,,-1,,
1761104666974,1061,0,,,-1,,
1761104666974,1061,1,,,-1,,
1761104666974,1061,2,,,-1,,
1761104667004,1062,0,,,-1,,
1761104667004,1062,1,,,-1,,
1761104667004,1062,2,,,-1,,
1761104667034,1063,0,,,-1,,
1761104667034,1063,1,,,-1,,
1761104667034,1063,2,,,-1,,
1761104667065,1064,0,,,-1,,
1761104667065,1064,1,,,-1,,
1761104667065,1064,2,,,-1,,
1761104667096,1065,0,,,-1,,
1761104667096,1065,1,,,-1,,
1761104667096,1065,2,,,-1,,
1761104667126,1066,0,,,-1,,
1761104667126,1066,1,,,-1,,
1761104667126,1066,2,,,-1,,
1761104667156,1067,0,,,-1,,
1761104667156,1067,1,,,-1,,
1761104667156,1067,2,,,-1,,
1761104667187,1068,0,,,-1,,
1761104667187,1068,1,,,-1,,
1761104667187,1068,2,,,-1,,
1761104667217,1069,0,,,-1,,
1761104667217,1069,1,,,-1,,
1761104667217,1069,2,,,-1,,
1761104667248,1070,0,,,-1,,
1761104667248,1070,1,,,-1,,
1761104667248,1070,2,,,-1,,
1761104667279,1071,0,,,-1,,
1761104667279,1071,1,,,-1,,
1761104667279,1071,2,,,-1,,
1761104667310,1072,0,,,-1,,
1761104667310,1072,1,,,-1,,
1761104667310,1072,2,,,-1,,
1761104667340,1073,0,,,-1,,
1761104667340,1073,1,,,-1,,
1761104667340,1073,2,,,-1,,
1761104667371,1074,0,,,-1,,
1761104667371,1074,1,,,-1,,
1761104667372,1074,2,,,-1,,
1761104669191,1075,0,,,-1,,
1761104669191,1075,1,,,-1,,
1761104669191,1075,2,,,-1,,
1761104669220,1076,0,,,-1,,
1761104669220,1076,1,,,-1,,
1761104669220,1076,2,,,-1,,
1761104669248,1077,0,,,-1,,
1761104669248,1077,1,,,-1,,
1761104669248,1077,2,,,-1,,
1761104669276,1078,0,,,-1,,
1761104669277,1078,1,,,-1,,
1761104669277,1078,2,,,-1,,
1761104669305,1079,0,,,-1,,
1761104669305,1079,1,,,-1,,
1761104669305,1079,2,,,-1,,
1761104669333,1080,0,,,-1,,
1761104669333,1080,1,,,-1,,
1761104669333,1080,2,,,-1,,
1761104669362,1081,0,,,-1,,
1761104669362,1081,1,,,-1,,
1761104669362,1081,2,,,-1,,
1761104669390,1082,0,,,-1,,
1761104669390,1082,1,,,-1,,
1761104669390,1082,2,,,-1,,
1761104669419,1083,0,,,-1,,
1761104669419,1083,1,,,-1,,
1761104669419,1083,2,,,-1,,
1761104669447,1084,0,,,-1,,
1761104669447,1084,1,,,-1,,
1761104669447,1084,2,,,-1,,
1761104669476,1085,0,,,-1,,
1761104669476,1085,1,,,-1,,
1761104669476,1085,2,,,-1,,
1761104669504,1086,0,,,-1,,
1761104669504,1086,1,,,-1,,
1761104669504,1086,2,,,-1,,
1761104669533,1087,0,,,-1,,
1761104669533,1087,1,,,-1,,
1761104669533,1087,2,,,-1,,
1761104669562,1088,0,,,-1,,
1761104669562,1088,1,,,-1,,
1761104669562,1088,2,,,-1,,
1761104669593,1089,0,,,-1,,
1761104669593,1089,1,,,-1,,
1761104669593,1089,2,,,-1,,
1761104669623,1090,0,,,-1,,
1761104669623,1090,1,,,-1,,
1761104669623,1090,2,,,-1,,
1761104669652,1091,0,,,-1,,
1761104669652,1091,1,,,-1,,
1761104669652,1091,2,,,-1,,
1761104669681,1092,0,,,-1,,
1761104669681,1092,1,,,-1,,
1761104669681,1092,2,,,-1,,
1761104669709,1093,0,,,-1,,
1761104669709,1093,1,,,-1,,
1761104669709,1093,2,,,-1,,
1761104669738,1094,0,,,-1,,
1761104669738,1094,1,,,-1,,
1761104669738,1094,2,,,-1,,
1761104669766,1095,0,,,-1,,
1761104669766,1095,1,,,-1,,
1761104669766,1095,2,,,-1,,
1761104669795,1096,0,,,-1,,
1761104669795,1096,1,,,-1,,
1761104669795,1096,2,,,-1,,
1761104669824,1097,0,,,-1,,
1761104669824,1097,1,,,-1,,
1761104669824,1097,2,,,-1,,
1761104669852,1098,0,,,-1,,
1761104669852,1098,1,,,-1,,
1761104669852,1098,2,,,-1,,
1761104669881,1099,0,,,-1,,
1761104669881,1099,1,,,-1,,
1761104669881,1099,2,,,-1,,
1761104669911,1100,0,,,-1,,
1761104669911,1100,1,,,-1,,
1761104669911,1100,2,,,-1,,
1761104669940,1101,0,,,-1,,
1761104669940,1101,1,,,-1,,
1761104669940,1101,2,,,-1,,
1761104669968,1102,0,,,-1,,
1761104669968,1102,1,,,-1,,
1761104669968,1102,2,,,-1,,
1761104669997,1103,0,,,-1,,
1761104669997,1103,1,,,-1,,
1761104669997,1103,2,,,-1,,
1761104670027,1104,0,,,-1,,
1761104670027,1104,1,,,-1,,
1761104670027,1104,2,,,-1,,
1761104670057,1105,0,,,-1,,
1761104670057,1105,1,,,-1,,
1761104670057,1105,2,,,-1,,
1761104670086,1106,0,,,-1,,
1761104670087,1106,1,,,-1,,
1761104670087,1106,2,,,-1,,
1761104670116,1107,0,,,-1,,
1761104670116,1107,1,,,-1,,
1761104670116,1107,2,,,-1,,
1761104670144,1108,0,,,-1,,
1761104670144,1108,1,,,-1,,
1761104670144,1108,2,,,-1,,
1761104670173,1109,0,,,-1,,
1761104670173,1109,1,,,-1,,
1761104670173,1109,2,,,-1,,
1761104670202,1110,0,,,-1,,
1761104670202,1110,1,,,-1,,
1761104670202,1110,2,,,-1,,
1761104670231,1111,0,,,-1,,
1761104670231,1111,1,,,-1,,
1761104670231,1111,2,,,-1,,
1761104670260,1112,0,,,-1,,
1761104670260,1112,1,,,-1,,
1761104670260,1112,2,,,-1,,
1761104670289,1113,0,,,-1,,
1761104670289,1113,1,,,-1,,
1761104670289,1113,2,,,-1,,
1761104670318,1114,0,,,-1,,
1761104670318,1114,1,,,-1,,
1761104670318,1114,2,,,-1,,
1761104670347,1115,0,,,-1,,
1761104670347,1115,1,,,-1,,
1761104670347,1115,2,,,-1,,
1761104670376,1116,0,,,-1,,
1761104670376,1116,1,,,-1,,
1761104670376,1116,2,,,-1,,
1761104670405,1117,0,,,-1,,
1761104670405,1117,1,,,-1,,
1761104670405,1117,2,,,-1,,
1761104670434,1118,0,,,-1,,
1761104670434,1118,1,,,-1,,
1761104670434,1118,2,,,-1,,
1761104670463,1119,0,,,-1,,
1761104670463,1119,1,,,-1,,
1761104670463,1119,2,,,-1,,
1761104670492,1120,0,,,-1,,
1761104670492,1120,1,,,-1,,
1761104670492,1120,2,,,-1,,
1761104670521,1121,0,,,-1,,
1761104670521,1121,1,,,-1,,
1761104670521,1121,2,,,-1,,
1761104670550,1122,0,,,-1,,
1761104670550,1122,1,,,-1,,
1761104670550,1122,2,,,-1,,
1761104670580,1123,0,,,-1,,
1761104670580,1123,1,,,-1,,
1761104670580,1123,2,,,-1,,
1761104670609,1124,0,,,-1,,
1761104670609,1124,1,,,-1,,
1761104670609,1124,2,,,-1,,
1761104670639,1125,0,,,-1,,
1761104670639,1125,1,,,-1,,
1761104670639,1125,2,,,-1,,
1761104670668,1126,0,,,-1,,
1761104670668,1126,1,,,-1,,
1761104670668,1126,2,,,-1,,
1761104670697,1127,0,,,-1,,
1761104670697,1127,1,,,-1,,
1761104670697,1127,2,,,-1,,
1761104670726,1128,0,,,-1,,
1761104670726,1128,1,,,-1,,
1761104670726,1128,2,,,-1,,
1761104670755,1129,0,,,-1,,
1761104670755,1129,1,,,-1,,
1761104670755,1129,2,,,-1,,
1761104670785,1130,0,,,-1,,
1761104670785,1130,1,,,-1,,
1761104670785,1130,2,,,-1,,
1761104670814,1131,0,,,-1,,
1761104670814,1131,1,,,-1,,
1761104670814,1131,2,,,-1,,
1761104670843,1132,0,,,-1,,
1761104670843,1132,1,,,-1,,
1761104670843,1132,2,,,-1,,
1761104670873,1133,0,,,-1,,
1761104670873,1133,1,,,-1,,
1761104670873,1133,2,,,-1,,
1761104670902,1134,0,,,-1,,
1761104670902,1134,1,,,-1,,
1761104670902,1134,2,,,-1,,
1761104670932,1135,0,,,-1,,
1761104670932,1135,1,,,-1,,
1761104670932,1135,2,,,-1,,
1761104670961,1136,0,,,-1,,
1761104670961,1136,1,,,-1,,
1761104670961,1136,2,,,-1,,
1761104670991,1137,0,,,-1,,
1761104670991,1137,1,,,-1,,
1761104670991,1137,2,,,-1,,
1761104671022,1138,0,,,-1,,
1761104671022,1138,1,,,-1,,
1761104671022,1138,2,,,-1,,
1761104671052,1139,0,,,-1,,
1761104671052,1139,1,,,-1,,
1761104671052,1139,2,,,-1,,
1761104671083,1140,0,,,-1,,
1761104671083,1140,1,,,-1,,
1761104671083,1140,2,,,-1,,
1761104671113,1141,0,,,-1,,
1761104671113,1141,1,,,-1,,
1761104671113,1141,2,,,-1,,
1761104671143,1142,0,,,-1,,
1761104671143,1142,1,,,-1,,
1761104671143,1142,2,,,-1,,
1761104671173,1143,0,,,-1,,
1761104671173,1143,1,,,-1,,
1761104671173,1143,2,,,-1,,
1761104671203,1144,0,,,-1,,
1761104671203,1144,1,,,-1,,
1761104671203,1144,2,,,-1,,
1761104671233,1145,0,,,-1,,
1761104671233,1145,1,,,-1,,
1761104671233,1145,2,,,-1,,
1761104671263,1146,0,,,-1,,
1761104671263,1146,1,,,-1,,
1761104671263,1146,2,,,-1,,
1761104671293,1147,0,,,-1,,
1761104671293,1147,1,,,-1,,
1761104671293,1147,2,,,-1,,
1761104671323,1148,0,,,-1,,
1761104671323,1148,1,,,-1,,
1761104671323,1148,2,,,-1,,
1761104671353,1149,0,,,-1,,
1761104671354,1149,1,,,-1,,
1761104671354,1149,2,,,-1,,
1761104671384,1150,0,,,-1,,
1761104671384,1150,1,,,-1,,
1761104671384,1150,2,,,-1,,
1761104671414,1151,0,,,-1,,
1761104671414,1151,1,,,-1,,
1761104671414,1151,2,,,-1,,
1761104671444,1152,0,,,-1,,
1761104671444,1152,1,,,-1,,
1761104671444,1152,2,,,-1,,
1761104671474,1153,0,,,-1,,
1761104671474,1153,1,,,-1,,
1761104671474,1153,2,,,-1,,
1761104671505,1154,0,,,-1,,
1761104671505,1154,1,,,-1,,
1761104671505,1154,2,,,-1,,
1761104671535,1155,0,,,-1,,
1761104671535,1155,1,,,-1,,
1761104671535,1155,2,,,-1,,
1761104671565,1156,0,,,-1,,
1761104671565,1156,1,,,-1,,
1761104671565,1156,2,,,-1,,
1761104671595,1157,0,,,-1,,
1761104671595,1157,1,,,-1,,
1761104671595,1157,2,,,-1,,
1761104671628,1158,0,,,-1,,
1761104671628,1158,1,,,-1,,
1761104671628,1158,2,,,-1,,
1761104671661,1159,0,,,-1,,
1761104671661,1159,1,,,-1,,
1761104671661,1159,2,,,-1,,
1761104671692,1160,0,,,-1,,
1761104671692,1160,1,,,-1,,
1761104671692,1160,2,,,-1,,
1761104671722,1161,0,,,-1,,
1761104671722,1161,1,,,-1,,
1761104671722,1161,2,,,-1,,
1761104671752,1162,0,,,-1,,
1761104671752,1162,1,,,-1,,
1761104671752,1162,2,,,-1,,
1761104671782,1163,0,,,-1,,
1761104671782,1163,1,,,-1,,
1761104671782,1163,2,,,-1,,
1761104671813,1164,0,,,-1,,
1761104671813,1164,1,,,-1,,
1761104671813,1164,2,,,-1,,
1761104671843,1165,0,,,-1,,
1761104671843,1165,1,,,-1,,
1761104671843,1165,2,,,-1,,
1761104671873,1166,0,,,-1,,
1761104671873,1166,1,,,-1,,
1761104671873,1166,2,,,-1,,
1761104671903,1167,0,,,-1,,
1761104671903,1167,1,,,-1,,
1761104671903,1167,2,,,-1,,
1761104671934,1168,0,,,-1,,
1761104671934,1168,1,,,-1,,
1761104671934,1168,2,,,-1,,
1761104671964,1169,0,,,-1,,
1761104671964,1169,1,,,-1,,
1761104671964,1169,2,,,-1,,
1761104671994,1170,0,,,-1,,
1761104671994,1170,1,,,-1,,
1761104671994,1170,2,,,-1,,
1761104672024,1171,0,,,-1,,
1761104672024,1171,1,,,-1,,
1761104672024,1171,2,,,-1,,
1761104672055,1172,0,,,-1,,
1761104672055,1172,1,,,-1,,
1761104672055,1172,2,,,-1,,
1761104672087,1173,0,,,-1,,
1761104672087,1173,1,,,-1,,
1761104672087,1173,2,,,-1,,
1761104672118,1174,0,,,-1,,
1761104672118,1174,1,,,-1,,
1761104672118,1174,2,,,-1,,
1761104672149,1175,0,,,-1,,
1761104672149,1175,1,,,-1,,
1761104672149,1175,2,,,-1,,
1761104672179,1176,0,,,-1,,
1761104672179,1176,1,,,-1,,
1761104672179,1176,2,,,-1,,
1761104672210,1177,0,,,-1,,
1761104672210,1177,1,,,-1,,
1761104672210,1177,2,,,-1,,
1761104672240,1178,0,,,-1,,
1761104672240,1178,1,,,-1,,
1761104672240,1178,2,,,-1,,
1761104672270,1179,0,,,-1,,
1761104672270,1179,1,,,-1,,
1761104672270,1179,2,,,-1,,
1761104672301,1180,0,,,-1,,
1761104672301,1180,1,,,-1,,
1761104672301,1180,2,,,-1,,
1761104672331,1181,0,,,-1,,
1761104672331,1181,1,,,-1,,
1761104672331,1181,2,,,-1,,
1761104672362,1182,0,,,-1,,
1761104672362,1182,1,,,-1,,
1761104672362,1182,2,,,-1,,
1761104672392,1183,0,,,-1,,
1761104672392,1183,1,,,-1,,
1761104672392,1183,2,,,-1,,
1761104672422,1184,0,,,-1,,
1761104672422,1184,1,,,-1,,
1761104672422,1184,2,,,-1,,
1761104672453,1185,0,,,-1,,
1761104672453,1185,1,,,-1,,
1761104672453,1185,2,,,-1,,
1761104672484,1186,0,,,-1,,
1761104672484,1186,1,,,-1,,
1761104672484,1186,2,,,-1,,
1761104672515,1187,0,,,-1,,
1761104672515,1187,1,,,-1,,
1761104672515,1187,2,,,-1,,
1761104672546,1188,0,,,-1,,
1761104672546,1188,1,,,-1,,
1761104672546,1188,2,,,-1,,
1761104672576,1189,0,,,-1,,
1761104672576,1189,1,,,-1,,
1761104672576,1189,2,,,-1,,
1761104672606,1190,0,,,-1,,
1761104672606,1190,1,,,-1,,
1761104672606,1190,2,,,-1,,
1761104672637,1191,0,,,-1,,
1761104672637,1191,1,,,-1,,
1761104672637,1191,2,,,-1,,
1761104672668,1192,0,,,-1,,
1761104672668,1192,1,,,-1,,
1761104672668,1192,2,,,-1,,
1761104672698,1193,0,,,-1,,
1761104672698,1193,1,,,-1,,
1761104672698,1193,2,,,-1,,
1761104672729,1194,0,,,-1,,
1761104672729,1194,1,,,-1,,
1761104672729,1194,2,,,-1,,
1761104672759,1195,0,,,-1,,
1761104672759,1195,1,,,-1,,
1761104672759,1195,2,,,-1,,
1761104672790,1196,0,,,-1,,
1761104672790,1196,1,,,-1,,
1761104672790,1196,2,,,-1,,
1761104672821,1197,0,,,-1,,
1761104672821,1197,1,,,-1,,
1761104672821,1197,2,,,-1,,
1761104672852,1198,0,,,-1,,
1761104672852,1198,1,,,-1,,
1761104672852,1198,2,,,-1,,
1761104672882,1199,0,,,-1,,
1761104672882,1199,1,,,-1,,
1761104672882,1199,2,,,-1,,
1761104672913,1200,0,,,-1,,
1761104672913,1200,1,,,-1,,
1761104672913,1200,2,,,-1,,
1761104672944,1201,0,,,-1,,
1761104672944,1201,1,,,-1,,
1761104672944,1201,2,,,-1,,
1761104672975,1202,0,,,-1,,
1761104672975,1202,1,,,-1,,
1761104672975,1202,2,,,-1,,
1761104673007,1203,0,,,-1,,
1761104673007,1203,1,,,-1,,
1761104673007,1203,2,,,-1,,
1761104673038,1204,0,,,-1,,
1761104673038,1204,1,,,-1,,
1761104673038,1204,2,,,-1,,
1761104673070,1205,0,,,-1,,
1761104673070,1205,1,,,-1,,
1761104673070,1205,2,,,-1,,
1761104673101,1206,0,,,-1,,
1761104673101,1206,1,,,-1,,
1761104673101,1206,2,,,-1,,
1761104673132,1207,0,,,-1,,
1761104673132,1207,1,,,-1,,
1761104673132,1207,2,,,-1,,
1761104673163,1208,0,,,-1,,
1761104673163,1208,1,,,-1,,
1761104673163,1208,2,,,-1,,
1761104673195,1209,0,,,-1,,
1761104673195,1209,1,,,-1,,
1761104673195,1209,2,,,-1,,
1761104673226,1210,0,,,-1,,
1761104673227,1210,1,,,-1,,
1761104673227,1210,2,,,-1,,
1761104673258,1211,0,,,-1,,
1761104673258,1211,1,,,-1,,
1761104673258,1211,2,,,-1,,
1761104673290,1212,0,,,-1,,
1761104673290,1212,1,,,-1,,
1761104673290,1212,2,,,-1,,
1761104673322,1213,0,,,-1,,
1761104673322,1213,1,,,-1,,
1761104673322,1213,2,,,-1,,
1761104673354,1214,0,,,-1,,
1761104673354,1214,1,,,-1,,
1761104673354,1214,2,,,-1,,
1761104673385,1215,0,,,-1,,
1761104673385,1215,1,,,-1,,
1761104673386,1215,2,,,-1,,
1761104673417,1216,0,,,-1,,
1761104673417,1216,1,,,-1,,
1761104673417,1216,2,,,-1,,
1761104673448,1217,0,,,-1,,
1761104673448,1217,1,,,-1,,
1761104673448,1217,2,,,-1,,
1761104673480,1218,0,,,-1,,
1761104673480,1218,1,,,-1,,
1761104673480,1218,2,,,-1,,
1761104673511,1219,0,,,-1,,
1761104673511,1219,1,,,-1,,
1761104673511,1219,2,,,-1,,
1761104673543,1220,0,,,-1,,
1761104673543,1220,1,,,-1,,
1761104673543,1220,2,,,-1,,
1761104673574,1221,0,,,-1,,
1761104673574,1221,1,,,-1,,
1761104673574,1221,2,,,-1,,
1761104673606,1222,0,,,-1,,
1761104673606,1222,1,,,-1,,
1761104673606,1222,2,,,-1,,
1761104673637,1223,0,,,-1,,
1761104673637,1223,1,,,-1,,
1761104673637,1223,2,,,-1,,
1761104673671,1224,0,,,-1,,
1761104673671,1224,1,,,-1,,
1761104673671,1224,2,,,-1,,
1761104673707,1225,0,,,-1,,
1761104673707,1225,1,,,-1,,
1761104673707,1225,2,,,-1,,
1761104673739,1226,0,,,-1,,
1761104673739,1226,1,,,-1,,
1761104673739,1226,2,,,-1,,
1761104673770,1227,0,,,-1,,
1761104673770,1227,1,,,-1,,
1761104673770,1227,2,,,-1,,
1761104673802,1228,0,,,-1,,
1761104673802,1228,1,,,-1,,
1761104673802,1228,2,,,-1,,
1761104673834,1229,0,,,-1,,
1761104673834,1229,1,,,-1,,
1761104673834,1229,2,,,-1,,
1761104673865,1230,0,,,-1,,
1761104673865,1230,1,,,-1,,
1761104673865,1230,2,,,-1,,
1761104673897,1231,0,,,-1,,
1761104673897,1231,1,,,-1,,
1761104673897,1231,2,,,-1,,
1761104673929,1232,0,,,-1,,
1761104673929,1232,1,,,-1,,
1761104673929,1232,2,,,-1,,
1761104673961,1233,0,,,-1,,
1761104673961,1233,1,,,-1,,
1761104673961,1233,2,,,-1,,
1761104673993,1234,0,,,-1,,
1761104673993,1234,1,,,-1,,
1761104673993,1234,2,,,-1,,
1761104674024,1235,0,,,-1,,
1761104674024,1235,1,,,-1,,
1761104674024,1235,2,,,-1,,
1761104674056,1236,0,,,-1,,
1761104674056,1236,1,,,-1,,
1761104674056,1236,2,,,-1,,
1761104674088,1237,0,,,-1,,
1761104674088,1237,1,,,-1,,
1761104674088,1237,2,,,-1,,
1761104674121,1238,0,,,-1,,
1761104674121,1238,1,,,-1,,
1761104674121,1238,2,,,-1,,
1761104674154,1239,0,,,-1,,
1761104674154,1239,1,,,-1,,
1761104674154,1239,2,,,-1,,
1761104674186,1240,0,,,-1,,
1761104674186,1240,1,,,-1,,
1761104674186,1240,2,,,-1,,
1761104674218,1241,0,,,-1,,
1761104674218,1241,1,,,-1,,
1761104674218,1241,2,,,-1,,
1761104674250,1242,0,,,-1,,
1761104674250,1242,1,,,-1,,
1761104674250,1242,2,,,-1,,
1761104674282,1243,0,,,-1,,
1761104674282,1243,1,,,-1,,
1761104674282,1243,2,,,-1,,
1761104674314,1244,0,,,-1,,
1761104674314,1244,1,,,-1,,
1761104674314,1244,2,,,-1,,
1761104674346,1245,0,,,-1,,
1761104674346,1245,1,,,-1,,
1761104674346,1245,2,,,-1,,
1761104674378,1246,0,,,-1,,
1761104674378,1246,1,,,-1,,
1761104674378,1246,2,,,-1,,
1761104674411,1247,0,,,-1,,
1761104674411,1247,1,,,-1,,
1761104674411,1247,2,,,-1,,
1761104674442,1248,0,,,-1,,
1761104674442,1248,1,,,-1,,
1761104674442,1248,2,,,-1,,
1761104674475,1249,0,,,-1,,
1761104674475,1249,1,,,-1,,
1761104674475,1249,2,,,-1,,
1761104674507,1250,0,,,-1,,
1761104674507,1250,1,,,-1,,
1761104674507,1250,2,,,-1,,
1761104674539,1251,0,,,-1,,
1761104674539,1251,1,,,-1,,
1761104674539,1251,2,,,-1,,
1761104674571,1252,0,,,-1,,
1761104674571,1252,1,,,-1,,
1761104674571,1252,2,,,-1,,
1761104674603,1253,0,,,-1,,
1761104674603,1253,1,,,-1,,
1761104674603,1253,2,,,-1,,
1761104674636,1254,0,,,-1,,
1761104674636,1254,1,,,-1,,
1761104674636,1254,2,,,-1,,
1761104674668,1255,0,,,-1,,
1761104674668,1255,1,,,-1,,
1761104674668,1255,2,,,-1,,
1761104674700,1256,0,,,-1,,
1761104674700,1256,1,,,-1,,
1761104674700,1256,2,,,-1,,
1761104674732,1257,0,,,-1,,
1761104674732,1257,1,,,-1,,
1761104674732,1257,2,,,-1,,
1761104674764,1258,0,,,-1,,
1761104674764,1258,1,,,-1,,
1761104674764,1258,2,,,-1,,
1761104674796,1259,0,,,-1,,
1761104674796,1259,1,,,-1,,
1761104674796,1259,2,,,-1,,
1761104674828,1260,0,,,-1,,
1761104674828,1260,1,,,-1,,
1761104674828,1260,2,,,-1,,
1761104674860,1261,0,,,-1,,
1761104674860,1261,1,,,-1,,
1761104674860,1261,2,,,-1,,
1761104674892,1262,0,,,-1,,
1761104674892,1262,1,,,-1,,
1761104674892,1262,2,,,-1,,
1761104674924,1263,0,,,-1,,
1761104674924,1263,1,,,-1,,
1761104674924,1263,2,,,-1,,
1761104674956,1264,0,,,-1,,
1761104674956,1264,1,,,-1,,
1761104674956,1264,2,,,-1,,
1761104674989,1265,0,,,-1,,
1761104674989,1265,1,,,-1,,
1761104674989,1265,2,,,-1,,
1761104675021,1266,0,,,-1,,
1761104675021,1266,1,,,-1,,
1761104675021,1266,2,,,-1,,
1761104675054,1267,0,,,-1,,
1761104675054,1267,1,,,-1,,
1761104675054,1267,2,,,-1,,
1761104675087,1268,0,,,-1,,
1761104675087,1268,1,,,-1,,
1761104675087,1268,2,,,-1,,
1761104675120,1269,0,,,-1,,
1761104675120,1269,1,,,-1,,
1761104675120,1269,2,,,-1,,
1761104675153,1270,0,,,-1,,
1761104675153,1270,1,,,-1,,
1761104675153,1270,2,,,-1,,
1761104675186,1271,0,,,-1,,
1761104675186,1271,1,,,-1,,
1761104675186,1271,2,,,-1,,
1761104675219,1272,0,,,-1,,
1761104675219,1272,1,,,-1,,
1761104675219,1272,2,,,-1,,
1761104675252,1273,0,,,-1,,
1761104675252,1273,1,,,-1,,
1761104675252,1273,2,,,-1,,
1761104675285,1274,0,,,-1,,
1761104675285,1274,1,,,-1,,
1761104675285,1274,2,,,-1,,
1761104675318,1275,0,,,-1,,
1761104675318,1275,1,,,-1,,
1761104675318,1275,2,,,-1,,
1761104675351,1276,0,,,-1,,
1761104675351,1276,1,,,-1,,
1761104675351,1276,2,,,-1,,
1761104675384,1277,0,,,-1,,
1761104675384,1277,1,,,-1,,
1761104675384,1277,2,,,-1,,
1761104675417,1278,0,,,-1,,
1761104675417,1278,1,,,-1,,
1761104675417,1278,2,,,-1,,
1761104675450,1279,0,,,-1,,
1761104675450,1279,1,,,-1,,
1761104675450,1279,2,,,-1,,
1761104675483,1280,0,,,-1,,
1761104675483,1280,1,,,-1,,
1761104675483,1280,2,,,-1,,
1761104675516,1281,0,,,-1,,
1761104675516,1281,1,,,-1,,
1761104675516,1281,2,,,-1,,
1761104675549,1282,0,,,-1,,
1761104675549,1282,1,,,-1,,
1761104675549,1282,2,,,-1,,
1761104675582,1283,0,,,-1,,
1761104675582,1283,1,,,-1,,
1761104675582,1283,2,,,-1,,
1761104675616,1284,0,,,-1,,
1761104675616,1284,1,,,-1,,
1761104675616,1284,2,,,-1,,
1761104675649,1285,0,,,-1,,
1761104675649,1285,1,,,-1,,
1761104675649,1285,2,,,-1,,
1761104675682,1286,0,,,-1,,
1761104675682,1286,1,,,-1,,
1761104675682,1286,2,,,-1,,
1761104675717,1287,0,,,-1,,
1761104675717,1287,1,,,-1,,
1761104675717,1287,2,,,-1,,
1761104675753,1288,0,,,-1,,
1761104675753,1288,1,,,-1,,
1761104675753,1288,2,,,-1,,
1761104675787,1289,0,,,-1,,
1761104675787,1289,1,,,-1,,
1761104675787,1289,2,,,-1,,
1761104675820,1290,0,,,-1,,
1761104675820,1290,1,,,-1,,
1761104675820,1290,2,,,-1,,
1761104675853,1291,0,,,-1,,
1761104675853,1291,1,,,-1,,
1761104675853,1291,2,,,-1,,
1761104675887,1292,0,,,-1,,
1761104675887,1292,1,,,-1,,
1761104675887,1292,2,,,-1,,
1761104675920,1293,0,,,-1,,
1761104675920,1293,1,,,-1,,
1761104675920,1293,2,,,-1,,
1761104675953,1294,0,,,-1,,
1761104675953,1294,1,,,-1,,
1761104675953,1294,2,,,-1,,
1761104675986,1295,0,,,-1,,
1761104675986,1295,1,,,-1,,
1761104675986,1295,2,,,-1,,
1761104676020,1296,0,,,-1,,
1761104676020,1296,1,,,-1,,
1761104676020,1296,2,,,-1,,
1761104676053,1297,0,,,-1,,
1761104676053,1297,1,,,-1,,
1761104676053,1297,2,,,-1,,
1761104676086,1298,0,,,-1,,
1761104676086,1298,1,,,-1,,
1761104676086,1298,2,,,-1,,
1761104677906,1299,0,,,-1,,
1761104677906,1299,1,,,-1,,
1761104677906,1299,2,,,-1,,
1761104677935,1300,0,,,-1,,
1761104677935,1300,1,,,-1,,
1761104677935,1300,2,,,-1,,
1761104677964,1301,0,,,-1,,
1761104677964,1301,1,,,-1,,
1761104677964,1301,2,,,-1,,
1761104677992,1302,0,,,-1,,
1761104677992,1302,1,,,-1,,
1761104677992,1302,2,,,-1,,
1761104678021,1303,0,,,-1,,
1761104678021,1303,1,,,-1,,
1761104678021,1303,2,,,-1,,
1761104678049,1304,0,,,-1,,
1761104678049,1304,1,,,-1,,
1761104678049,1304,2,,,-1,,
1761104678078,1305,0,,,-1,,
1761104678078,1305,1,,,-1,,
1761104678078,1305,2,,,-1,,
1761104678106,1306,0,,,-1,,
1761104678106,1306,1,,,-1,,
1761104678106,1306,2,,,-1,,
1761104678135,1307,0,,,-1,,
1761104678135,1307,1,,,-1,,
1761104678135,1307,2,,,-1,,
1761104678163,1308,0,,,-1,,
1761104678163,1308,1,,,-1,,
1761104678163,1308,2,,,-1,,
1761104678192,1309,0,,,-1,,
1761104678192,1309,1,,,-1,,
1761104678192,1309,2,,,-1,,
1761104678221,1310,0,,,-1,,
1761104678221,1310,1,,,-1,,
1761104678221,1310,2,,,-1,,
1761104678252,1311,0,,,-1,,
1761104678252,1311,1,,,-1,,
1761104678252,1311,2,,,-1,,
1761104678281,1312,0,,,-1,,
1761104678281,1312,1,,,-1,,
1761104678281,1312,2,,,-1,,
1761104678310,1313,0,,,-1,,
1761104678310,1313,1,,,-1,,
1761104678310,1313,2,,,-1,,
1761104678338,1314,0,,,-1,,
1761104678338,1314,1,,,-1,,
1761104678338,1314,2,,,-1,,
1761104678367,1315,0,,,-1,,
1761104678367,1315,1,,,-1,,
1761104678367,1315,2,,,-1,,
1761104678396,1316,0,,,-1,,
1761104678396,1316,1,,,-1,,
1761104678396,1316,2,,,-1,,
1761104678425,1317,0,,,-1,,
1761104678425,1317,1,,,-1,,
1761104678425,1317,2,,,-1,,
1761104678454,1318,0,,,-1,,
1761104678454,1318,1,,,-1,,
1761104678454,1318,2,,,-1,,
1761104678483,1319,0,,,-1,,
1761104678483,1319,1,,,-1,,
1761104678483,1319,2,,,-1,,
1761104678512,1320,0,,,-1,,
1761104678512,1320,1,,,-1,,
1761104678512,1320,2,,,-1,,
1761104678541,1321,0,,,-1,,
1761104678541,1321,1,,,-1,,
1761104678541,1321,2,,,-1,,
1761104678570,1322,0,,,-1,,
1761104678570,1322,1,,,-1,,
1761104678570,1322,2,,,-1,,
1761104678599,1323,0,,,-1,,
1761104678599,1323,1,,,-1,,
1761104678599,1323,2,,,-1,,
1761104678628,1324,0,,,-1,,
1761104678628,1324,1,,,-1,,
1761104678628,1324,2,,,-1,,
1761104678657,1325,0,,,-1,,
1761104678657,1325,1,,,-1,,
1761104678657,1325,2,,,-1,,
1761104678685,1326,0,,,-1,,
1761104678685,1326,1,,,-1,,
1761104678685,1326,2,,,-1,,
1761104678714,1327,0,,,-1,,
1761104678714,1327,1,,,-1,,
1761104678714,1327,2,,,-1,,
1761104678743,1328,0,,,-1,,
1761104678743,1328,1,,,-1,,
1761104678743,1328,2,,,-1,,
1761104678773,1329,0,,,-1,,
1761104678773,1329,1,,,-1,,
1761104678773,1329,2,,,-1,,
1761104678801,1330,0,,,-1,,
1761104678801,1330,1,,,-1,,
1761104678801,1330,2,,,-1,,
1761104678830,1331,0,,,-1,,
1761104678830,1331,1,,,-1,,
1761104678830,1331,2,,,-1,,
1761104678859,1332,0,,,-1,,
1761104678859,1332,1,,,-1,,
1761104678859,1332,2,,,-1,,
1761104678888,1333,0,,,-1,,
1761104678888,1333,1,,,-1,,
1761104678888,1333,2,,,-1,,
1761104678918,1334,0,,,-1,,
1761104678918,1334,1,,,-1,,
1761104678918,1334,2,,,-1,,
1761104678947,1335,0,,,-1,,
1761104678947,1335,1,,,-1,,
1761104678947,1335,2,,,-1,,
1761104678976,1336,0,,,-1,,
1761104678976,1336,1,,,-1,,
1761104678976,1336,2,,,-1,,
1761104679005,1337,0,,,-1,,
1761104679005,1337,1,,,-1,,
1761104679005,1337,2,,,-1,,
1761104679035,1338,0,,,-1,,
1761104679035,1338,1,,,-1,,
1761104679035,1338,2,,,-1,,
1761104679064,1339,0,,,-1,,
1761104679064,1339,1,,,-1,,
1761104679064,1339,2,,,-1,,
1761104679093,1340,0,,,-1,,
1761104679093,1340,1,,,-1,,
1761104679093,1340,2,,,-1,,
1761104679122,1341,0,,,-1,,
1761104679122,1341,1,,,-1,,
1761104679122,1341,2,,,-1,,
1761104679151,1342,0,,,-1,,
1761104679151,1342,1,,,-1,,
1761104679151,1342,2,,,-1,,
1761104679180,1343,0,,,-1,,
1761104679180,1343,1,,,-1,,
1761104679180,1343,2,,,-1,,
1761104679209,1344,0,,,-1,,
1761104679209,1344,1,,,-1,,
1761104679209,1344,2,,,-1,,
1761104679238,1345,0,,,-1,,
1761104679238,1345,1,,,-1,,
1761104679238,1345,2,,,-1,,
1761104679267,1346,0,,,-1,,
1761104679267,1346,1,,,-1,,
1761104679267,1346,2,,,-1,,
1761104679296,1347,0,,,-1,,
1761104679296,1347,1,,,-1,,
1761104679296,1347,2,,,-1,,
1761104679325,1348,0,,,-1,,
1761104679325,1348,1,,,-1,,
1761104679325,1348,2,,,-1,,
1761104679355,1349,0,,,-1,,
1761104679355,1349,1,,,-1,,
1761104679355,1349,2,,,-1,,
1761104679384,1350,0,,,-1,,
1761104679384,1350,1,,,-1,,
1761104679384,1350,2,,,-1,,
1761104679413,1351,0,,,-1,,
1761104679413,1351,1,,,-1,,
1761104679413,1351,2,,,-1,,
1761104679443,1352,0,,,-1,,
1761104679443,1352,1,,,-1,,
1761104679443,1352,2,,,-1,,
1761104679472,1353,0,,,-1,,
1761104679472,1353,1,,,-1,,
1761104679472,1353,2,,,-1,,
1761104679502,1354,0,,,-1,,
1761104679502,1354,1,,,-1,,
1761104679502,1354,2,,,-1,,
1761104679531,1355,0,,,-1,,
1761104679531,1355,1,,,-1,,
1761104679531,1355,2,,,-1,,
1761104679561,1356,0,,,-1,,
1761104679561,1356,1,,,-1,,
1761104679561,1356,2,,,-1,,
1761104679590,1357,0,,,-1,,
1761104679590,1357,1,,,-1,,
1761104679590,1357,2,,,-1,,
1761104679619,1358,0,,,-1,,
1761104679619,1358,1,,,-1,,
1761104679619,1358,2,,,-1,,
1761104679649,1359,0,,,-1,,
1761104679649,1359,1,,,-1,,
1761104679649,1359,2,,,-1,,
1761104679678,1360,0,,,-1,,
1761104679678,1360,1,,,-1,,
1761104679678,1360,2,,,-1,,
1761104679708,1361,0,,,-1,,
1761104679708,1361,1,,,-1,,
1761104679708,1361,2,,,-1,,
1761104679738,1362,0,,,-1,,
1761104679738,1362,1,,,-1,,
1761104679738,1362,2,,,-1,,
1761104679767,1363,0,,,-1,,
1761104679768,1363,1,,,-1,,
1761104679768,1363,2,,,-1,,
1761104679799,1364,0,,,-1,,
1761104679799,1364,1,,,-1,,
1761104679799,1364,2,,,-1,,
1761104679832,1365,0,,,-1,,
1761104679832,1365,1,,,-1,,
1761104679832,1365,2,,,-1,,
1761104679863,1366,0,,,-1,,
1761104679863,1366,1,,,-1,,
1761104679863,1366,2,,,-1,,
1761104679893,1367,0,,,-1,,
1761104679893,1367,1,,,-1,,
1761104679893,1367,2,,,-1,,
1761104679923,1368,0,,,-1,,
1761104679923,1368,1,,,-1,,
1761104679923,1368,2,,,-1,,
1761104679953,1369,0,,,-1,,
1761104679953,1369,1,,,-1,,
1761104679953,1369,2,,,-1,,
1761104679983,1370,0,,,-1,,
1761104679983,1370,1,,,-1,,
1761104679983,1370,2,,,-1,,
1761104680013,1371,0,,,-1,,
1761104680013,1371,1,,,-1,,
1761104680013,1371,2,,,-1,,
1761104680044,1372,0,,,-1,,
1761104680044,1372,1,,,-1,,
1761104680044,1372,2,,,-1,,
1761104680073,1373,0,,,-1,,
1761104680074,1373,1,,,-1,,
1761104680074,1373,2,,,-1,,
1761104680103,1374,0,,,-1,,
1761104680103,1374,1,,,-1,,
1761104680103,1374,2,,,-1,,
1761104680133,1375,0,,,-1,,
1761104680133,1375,1,,,-1,,
1761104680133,1375,2,,,-1,,
1761104680164,1376,0,,,-1,,
1761104680164,1376,1,,,-1,,
1761104680164,1376,2,,,-1,,
1761104680194,1377,0,,,-1,,
1761104680194,1377,1,,,-1,,
1761104680194,1377,2,,,-1,,
1761104680224,1378,0,,,-1,,
1761104680224,1378,1,,,-1,,
1761104680224,1378,2,,,-1,,
1761104680254,1379,0,,,-1,,
1761104680254,1379,1,,,-1,,
1761104680254,1379,2,,,-1,,
1761104680286,1380,0,,,-1,,
1761104680286,1380,1,,,-1,,
1761104680286,1380,2,,,-1,,
1761104680317,1381,0,,,-1,,
1761104680317,1381,1,,,-1,,
1761104680317,1381,2,,,-1,,
1761104680348,1382,0,,,-1,,
1761104680348,1382,1,,,-1,,
1761104680348,1382,2,,,-1,,
1761104680378,1383,0,,,-1,,
1761104680378,1383,1,,,-1,,
1761104680378,1383,2,,,-1,,
1761104680408,1384,0,,,-1,,
1761104680408,1384,1,,,-1,,
1761104680408,1384,2,,,-1,,
1761104680439,1385,0,,,-1,,
1761104680439,1385,1,,,-1,,
1761104680439,1385,2,,,-1,,
1761104680469,1386,0,,,-1,,
1761104680469,1386,1,,,-1,,
1761104680469,1386,2,,,-1,,
1761104680499,1387,0,,,-1,,
1761104680499,1387,1,,,-1,,
1761104680499,1387,2,,,-1,,
1761104680530,1388,0,,,-1,,
1761104680530,1388,1,,,-1,,
1761104680530,1388,2,,,-1,,
1761104680560,1389,0,,,-1,,
1761104680560,1389,1,,,-1,,
1761104680560,1389,2,,,-1,,
1761104680590,1390,0,,,-1,,
1761104680590,1390,1,,,-1,,
1761104680590,1390,2,,,-1,,
1761104680620,1391,0,,,-1,,
1761104680620,1391,1,,,-1,,
1761104680620,1391,2,,,-1,,
1761104680651,1392,0,,,-1,,
1761104680651,1392,1,,,-1,,
1761104680651,1392,2,,,-1,,
1761104680681,1393,0,,,-1,,
1761104680681,1393,1,,,-1,,
1761104680681,1393,2,,,-1,,
1761104680712,1394,0,,,-1,,
1761104680712,1394,1,,,-1,,
1761104680712,1394,2,,,-1,,
1761104680742,1395,0,,,-1,,
1761104680743,1395,1,,,-1,,
1761104680743,1395,2,,,-1,,
1761104680773,1396,0,,,-1,,
1761104680773,1396,1,,,-1,,
1761104680773,1396,2,,,-1,,
1761104680803,1397,0,,,-1,,
1761104680803,1397,1,,,-1,,
1761104680803,1397,2,,,-1,,
1761104680833,1398,0,,,-1,,
1761104680833,1398,1,,,-1,,
1761104680833,1398,2,,,-1,,
1761104680864,1399,0,,,-1,,
1761104680864,1399,1,,,-1,,
1761104680864,1399,2,,,-1,,
1761104680894,1400,0,,,-1,,
1761104680894,1400,1,,,-1,,
1761104680894,1400,2,,,-1,,
1761104680924,1401,0,,,-1,,
1761104680924,1401,1,,,-1,,
1761104680924,1401,2,,,-1,,
1761104680955,1402,0,,,-1,,
1761104680955,1402,1,,,-1,,
1761104680955,1402,2,,,-1,,
1761104680985,1403,0,,,-1,,
1761104680985,1403,1,,,-1,,
1761104680985,1403,2,,,-1,,
1761104681015,1404,0,,,-1,,
1761104681015,1404,1,,,-1,,
1761104681015,1404,2,,,-1,,
1761104681046,1405,0,,,-1,,
1761104681046,1405,1,,,-1,,
1761104681046,1405,2,,,-1,,
1761104681077,1406,0,,,-1,,
1761104681077,1406,1,,,-1,,
1761104681077,1406,2,,,-1,,
1761104681108,1407,0,,,-1,,
1761104681108,1407,1,,,-1,,
1761104681108,1407,2,,,-1,,
1761104681139,1408,0,,,-1,,
1761104681139,1408,1,,,-1,,
1761104681139,1408,2,,,-1,,
1761104681169,1409,0,,,-1,,
1761104681169,1409,1,,,-1,,
1761104681169,1409,2,,,-1,,
1761104681200,1410,0,,,-1,,
1761104681200,1410,1,,,-1,,
1761104681200,1410,2,,,-1,,
1761104681230,1411,0,,,-1,,
1761104681230,1411,1,,,-1,,
1761104681230,1411,2,,,-1,,
1761104681261,1412,0,,,-1,,
1761104681261,1412,1,,,-1,,
1761104681261,1412,2,,,-1,,
1761104681291,1413,0,,,-1,,
1761104681291,1413,1,,,-1,,
1761104681291,1413,2,,,-1,,
1761104681322,1414,0,,,-1,,
1761104681322,1414,1,,,-1,,
1761104681322,1414,2,,,-1,,
1761104681352,1415,0,,,-1,,
1761104681352,1415,1,,,-1,,
1761104681352,1415,2,,,-1,,
1761104681383,1416,0,,,-1,,
1761104681383,1416,1,,,-1,,
1761104681383,1416,2,,,-1,,
1761104681413,1417,0,,,-1,,
1761104681413,1417,1,,,-1,,
1761104681413,1417,2,,,-1,,
1761104681444,1418,0,,,-1,,
1761104681444,1418,1,,,-1,,
1761104681444,1418,2,,,-1,,
1761104681475,1419,0,,,-1,,
1761104681475,1419,1,,,-1,,
1761104681475,1419,2,,,-1,,
1761104681505,1420,0,,,-1,,
1761104681505,1420,1,,,-1,,
1761104681505,1420,2,,,-1,,
1761104681536,1421,0,,,-1,,
1761104681536,1421,1,,,-1,,
1761104681536,1421,2,,,-1,,
1761104681566,1422,0,,,-1,,
1761104681566,1422,1,,,-1,,
1761104681566,1422,2,,,-1,,
1761104681597,1423,0,,,-1,,
1761104681597,1423,1,,,-1,,
1761104681597,1423,2,,,-1,,
1761104681628,1424,0,,,-1,,
1761104681628,1424,1,,,-1,,
1761104681628,1424,2,,,-1,,
1761104681659,1425,0,,,-1,,
1761104681659,1425,1,,,-1,,
1761104681659,1425,2,,,-1,,
1761104681690,1426,0,,,-1,,
1761104681690,1426,1,,,-1,,
1761104681690,1426,2,,,-1,,
1761104681722,1427,0,,,-1,,
1761104681722,1427,1,,,-1,,
1761104681722,1427,2,,,-1,,
1761104681753,1428,0,,,-1,,
1761104681753,1428,1,,,-1,,
1761104681753,1428,2,,,-1,,
1761104681785,1429,0,,,-1,,
1761104681785,1429,1,,,-1,,
1761104681785,1429,2,,,-1,,
1761104681816,1430,0,,,-1,,
1761104681816,1430,1,,,-1,,
1761104681816,1430,2,,,-1,,
1761104681849,1431,0,,,-1,,
1761104681849,1431,1,,,-1,,
1761104681849,1431,2,,,-1,,
1761104681884,1432,0,,,-1,,
1761104681884,1432,1,,,-1,,
1761104681884,1432,2,,,-1,,
1761104681916,1433,0,,,-1,,
1761104681916,1433,1,,,-1,,
1761104681916,1433,2,,,-1,,
1761104681948,1434,0,,,-1,,
1761104681948,1434,1,,,-1,,
1761104681948,1434,2,,,-1,,
1761104681979,1435,0,,,-1,,
1761104681979,1435,1,,,-1,,
1761104681979,1435,2,,,-1,,
1761104682011,1436,0,,,-1,,
1761104682011,1436,1,,,-1,,
1761104682011,1436,2,,,-1,,
1761104682042,1437,0,,,-1,,
1761104682042,1437,1,,,-1,,
1761104682042,1437,2,,,-1,,
1761104682074,1438,0,,,-1,,
1761104682074,1438,1,,,-1,,
1761104682074,1438,2,,,-1,,
1761104682106,1439,0,,,-1,,
1761104682106,1439,1,,,-1,,
1761104682106,1439,2,,,-1,,
1761104682138,1440,0,,,-1,,
1761104682138,1440,1,,,-1,,
1761104682138,1440,2,,,-1,,
1761104682169,1441,0,,,-1,,
1761104682169,1441,1,,,-1,,
1761104682169,1441,2,,,-1,,
1761104682201,1442,0,,,-1,,
1761104682201,1442,1,,,-1,,
1761104682201,1442,2,,,-1,,
1761104682232,1443,0,,,-1,,
1761104682232,1443,1,,,-1,,
1761104682232,1443,2,,,-1,,
1761104682264,1444,0,,,-1,,
1761104682264,1444,1,,,-1,,
1761104682264,1444,2,,,-1,,
1761104682296,1445,0,,,-1,,
1761104682296,1445,1,,,-1,,
1761104682296,1445,2,,,-1,,
1761104682329,1446,0,,,-1,,
1761104682329,1446,1,,,-1,,
1761104682329,1446,2,,,-1,,
1761104682361,1447,0,,,-1,,
1761104682361,1447,1,,,-1,,
1761104682361,1447,2,,,-1,,
1761104682393,1448,0,,,-1,,
1761104682393,1448,1,,,-1,,
1761104682393,1448,2,,,-1,,
1761104682425,1449,0,,,-1,,
1761104682425,1449,1,,,-1,,
1761104682425,1449,2,,,-1,,
1761104682457,1450,0,,,-1,,
1761104682457,1450,1,,,-1,,
1761104682457,1450,2,,,-1,,
1761104682489,1451,0,,,-1,,
1761104682489,1451,1,,,-1,,
1761104682489,1451,2,,,-1,,
1761104682520,1452,0,,,-1,,
1761104682520,1452,1,,,-1,,
1761104682520,1452,2,,,-1,,
1761104682552,1453,0,,,-1,,
1761104682552,1453,1,,,-1,,
1761104682552,1453,2,,,-1,,
1761104682584,1454,0,,,-1,,
1761104682584,1454,1,,,-1,,
1761104682584,1454,2,,,-1,,
1761104682615,1455,0,,,-1,,
1761104682615,1455,1,,,-1,,
1761104682615,1455,2,,,-1,,
1761104682647,1456,0,,,-1,,
1761104682647,1456,1,,,-1,,
1761104682647,1456,2,,,-1,,
1761104682679,1457,0,,,-1,,
1761104682679,1457,1,,,-1,,
1761104682679,1457,2,,,-1,,
1761104682711,1458,0,,,-1,,
1761104682711,1458,1,,,-1,,
1761104682711,1458,2,,,-1,,
1761104682742,1459,0,,,-1,,
1761104682742,1459,1,,,-1,,
1761104682742,1459,2,,,-1,,
1761104682774,1460,0,,,-1,,
1761104682774,1460,1,,,-1,,
1761104682774,1460,2,,,-1,,
1761104682806,1461,0,,,-1,,
1761104682806,1461,1,,,-1,,
1761104682806,1461,2,,,-1,,
1761104682838,1462,0,,,-1,,
1761104682838,1462,1,,,-1,,
1761104682838,1462,2,,,-1,,
1761104682870,1463,0,,,-1,,
1761104682870,1463,1,,,-1,,
1761104682870,1463,2,,,-1,,
1761104682901,1464,0,,,-1,,
1761104682901,1464,1,,,-1,,
1761104682901,1464,2,,,-1,,
1761104682933,1465,0,,,-1,,
1761104682933,1465,1,,,-1,,
1761104682933,1465,2,,,-1,,
1761104682965,1466,0,,,-1,,
1761104682965,1466,1,,,-1,,
1761104682965,1466,2,,,-1,,
1761104682997,1467,0,,,-1,,
1761104682997,1467,1,,,-1,,
1761104682997,1467,2,,,-1,,
1761104683029,1468,0,,,-1,,
1761104683029,1468,1,,,-1,,
1761104683029,1468,2,,,-1,,
1761104683061,1469,0,,,-1,,
1761104683061,1469,1,,,-1,,
1761104683061,1469,2,,,-1,,
1761104683093,1470,0,,,-1,,
1761104683093,1470,1,,,-1,,
1761104683093,1470,2,,,-1,,
1761104683125,1471,0,,,-1,,
1761104683125,1471,1,,,-1,,
1761104683125,1471,2,,,-1,,
1761104683157,1472,0,,,-1,,
1761104683157,1472,1,,,-1,,
1761104683157,1472,2,,,-1,,
1761104683189,1473,0,,,-1,,
1761104683189,1473,1,,,-1,,
1761104683189,1473,2,,,-1,,
1761104683221,1474,0,,,-1,,
1761104683221,1474,1,,,-1,,
1761104683221,1474,2,,,-1,,
1761104683253,1475,0,,,-1,,
1761104683253,1475,1,,,-1,,
1761104683253,1475,2,,,-1,,
1761104683285,1476,0,,,-1,,
1761104683285,1476,1,,,-1,,
1761104683285,1476,2,,,-1,,
1761104683317,1477,0,,,-1,,
1761104683317,1477,1,,,-1,,
1761104683317,1477,2,,,-1,,
1761104683350,1478,0,,,-1,,
1761104683350,1478,1,,,-1,,
1761104683350,1478,2,,,-1,,
1761104683382,1479,0,,,-1,,
1761104683382,1479,1,,,-1,,
1761104683382,1479,2,,,-1,,
1761104683414,1480,0,,,-1,,
1761104683414,1480,1,,,-1,,
1761104683414,1480,2,,,-1,,
1761104683446,1481,0,,,-1,,
1761104683446,1481,1,,,-1,,
1761104683446,1481,2,,,-1,,
1761104683478,1482,0,,,-1,,
1761104683478,1482,1,,,-1,,
1761104683478,1482,2,,,-1,,
1761104683510,1483,0,,,-1,,
1761104683510,1483,1,,,-1,,
1761104683510,1483,2,,,-1,,
1761104683542,1484,0,,,-1,,
1761104683542,1484,1,,,-1,,
1761104683542,1484,2,,,-1,,
1761104683574,1485,0,,,-1,,
1761104683574,1485,1,,,-1,,
1761104683574,1485,2,,,-1,,
1761104683606,1486,0,,,-1,,
1761104683606,1486,1,,,-1,,
1761104683606,1486,2,,,-1,,
1761104683638,1487,0,,,-1,,
1761104683638,1487,1,,,-1,,
1761104683638,1487,2,,,-1,,
1761104683670,1488,0,,,-1,,
1761104683670,1488,1,,,-1,,
1761104683670,1488,2,,,-1,,
1761104683703,1489,0,,,-1,,
1761104683703,1489,1,,,-1,,
1761104683703,1489,2,,,-1,,
1761104683736,1490,0,,,-1,,
1761104683736,1490,1,,,-1,,
1761104683736,1490,2,,,-1,,
1761104683769,1491,0,,,-1,,
1761104683769,1491,1,,,-1,,
1761104683769,1491,2,,,-1,,
1761104683802,1492,0,,,-1,,
1761104683802,1492,1,,,-1,,
1761104683802,1492,2,,,-1,,
1761104683836,1493,0,,,-1,,
1761104683836,1493,1,,,-1,,
1761104683836,1493,2,,,-1,,
1761104683869,1494,0,,,-1,,
1761104683869,1494,1,,,-1,,
1761104683869,1494,2,,,-1,,
1761104683905,1495,0,,,-1,,
1761104683905,1495,1,,,-1,,
1761104683905,1495,2,,,-1,,
1761104683940,1496,0,,,-1,,
1761104683940,1496,1,,,-1,,
1761104683940,1496,2,,,-1,,
1761104683973,1497,0,,,-1,,
1761104683973,1497,1,,,-1,,
1761104683973,1497,2,,,-1,,
1761104684006,1498,0,,,-1,,
1761104684006,1498,1,,,-1,,
1761104684006,1498,2,,,-1,,
1761104684039,1499,0,,,-1,,
1761104684039,1499,1,,,-1,,
1761104684039,1499,2,,,-1,,
1761104684072,1500,0,,,-1,,
1761104684072,1500,1,,,-1,,
1761104684072,1500,2,,,-1,,
1761104684105,1501,0,,,-1,,
1761104684105,1501,1,,,-1,,
1761104684105,1501,2,,,-1,,
1761104684138,1502,0,,,-1,,
1761104684138,1502,1,,,-1,,
1761104684138,1502,2,,,-1,,
1761104684171,1503,0,,,-1,,
1761104684171,1503,1,,,-1,,
1761104684171,1503,2,,,-1,,
1761104684204,1504,0,,,-1,,
1761104684204,1504,1,,,-1,,
1761104684204,1504,2,,,-1,,
1761104684238,1505,0,,,-1,,
1761104684238,1505,1,,,-1,,
1761104684238,1505,2,,,-1,,
1761104684271,1506,0,,,-1,,
1761104684271,1506,1,,,-1,,
1761104684271,1506,2,,,-1,,
1761104684304,1507,0,,,-1,,
1761104684304,1507,1,,,-1,,
1761104684304,1507,2,,,-1,,
1761104684337,1508,0,,,-1,,
1761104684337,1508,1,,,-1,,
1761104684337,1508,2,,,-1,,
1761104684371,1509,0,,,-1,,
1761104684371,1509,1,,,-1,,
1761104684371,1509,2,,,-1,,
1761104684405,1510,0,,,-1,,
1761104684405,1510,1,,,-1,,
1761104684405,1510,2,,,-1,,
1761104684439,1511,0,,,-1,,
1761104684439,1511,1,,,-1,,
1761104684439,1511,2,,,-1,,
1761104684472,1512,0,,,-1,,
1761104684472,1512,1,,,-1,,
1761104684472,1512,2,,,-1,,
1761104684505,1513,0,,,-1,,
1761104684505,1513,1,,,-1,,
1761104684505,1513,2,,,-1,,
1761104684539,1514,0,,,-1,,
1761104684539,1514,1,,,-1,,
1761104684539,1514,2,,,-1,,
1761104684572,1515,0,,,-1,,
1761104684572,1515,1,,,-1,,
1761104684572,1515,2,,,-1,,
1761104684605,1516,0,,,-1,,
1761104684605,1516,1,,,-1,,
1761104684605,1516,2,,,-1,,
1761104684638,1517,0,,,-1,,
1761104684638,1517,1,,,-1,,
1761104684638,1517,2,,,-1,,
1761104684672,1518,0,,,-1,,
1761104684672,1518,1,,,-1,,
1761104684672,1518,2,,,-1,,
1761104684705,1519,0,,,-1,,
1761104684705,1519,1,,,-1,,
1761104684705,1519,2,,,-1,,
1761104684738,1520,0,,,-1,,
1761104684738,1520,1,,,-1,,
1761104684738,1520,2,,,-1,,
1761104684771,1521,0,,,-1,,
1761104684771,1521,1,,,-1,,
1761104684771,1521,2,,,-1,,
1761104684805,1522,0,,,-1,,
1761104684805,1522,1,,,-1,,
1761104684805,1522,2,,,-1,,
1761104686638,1523,0,,,-1,,
1761104686638,1523,1,,,-1,,
1761104686638,1523,2,,,-1,,
1761104686667,1524,0,,,-1,,
1761104686667,1524,1,,,-1,,
1761104686667,1524,2,,,-1,,
1761104686695,1525,0,,,-1,,
1761104686695,1525,1,,,-1,,
1761104686695,1525,2,,,-1,,
1761104686724,1526,0,,,-1,,
1761104686724,1526,1,,,-1,,
1761104686724,1526,2,,,-1,,
1761104686752,1527,0,,,-1,,
1761104686753,1527,1,,,-1,,
1761104686753,1527,2,,,-1,,
1761104686781,1528,0,,,-1,,
1761104686781,1528,1,,,-1,,
1761104686781,1528,2,,,-1,,
1761104686810,1529,0,,,-1,,
1761104686810,1529,1,,,-1,,
1761104686810,1529,2,,,-1,,
1761104686839,1530,0,,,-1,,
1761104686839,1530,1,,,-1,,
1761104686839,1530,2,,,-1,,
1761104686868,1531,0,,,-1,,
1761104686868,1531,1,,,-1,,
1761104686868,1531,2,,,-1,,
1761104686897,1532,0,,,-1,,
1761104686897,1532,1,,,-1,,
1761104686897,1532,2,,,-1,,
1761104686926,1533,0,,,-1,,
1761104686926,1533,1,,,-1,,
1761104686926,1533,2,,,-1,,
1761104686955,1534,0,,,-1,,
1761104686955,1534,1,,,-1,,
1761104686955,1534,2,,,-1,,
1761104686984,1535,0,,,-1,,
1761104686984,1535,1,,,-1,,
1761104686984,1535,2,,,-1,,
1761104687012,1536,0,,,-1,,
1761104687012,1536,1,,,-1,,
1761104687012,1536,2,,,-1,,
1761104687041,1537,0,,,-1,,
1761104687041,1537,1,,,-1,,
1761104687041,1537,2,,,-1,,
1761104687070,1538,0,,,-1,,
1761104687070,1538,1,,,-1,,
1761104687070,1538,2,,,-1,,
1761104687099,1539,0,,,-1,,
1761104687099,1539,1,,,-1,,
1761104687099,1539,2,,,-1,,
1761104687129,1540,0,,,-1,,
1761104687129,1540,1,,,-1,,
1761104687129,1540,2,,,-1,,
1761104687158,1541,0,,,-1,,
1761104687158,1541,1,,,-1,,
1761104687158,1541,2,,,-1,,
1761104687187,1542,0,,,-1,,
1761104687187,1542,1,,,-1,,
1761104687187,1542,2,,,-1,,
1761104687216,1543,0,,,-1,,
1761104687216,1543,1,,,-1,,
1761104687216,1543,2,,,-1,,
1761104687245,1544,0,,,-1,,
1761104687245,1544,1,,,-1,,
1761104687245,1544,2,,,-1,,
1761104687274,1545,0,,,-1,,
1761104687274,1545,1,,,-1,,
1761104687274,1545,2,,,-1,,
1761104687304,1546,0,,,-1,,
1761104687304,1546,1,,,-1,,
1761104687304,1546,2,,,-1,,
1761104687333,1547,0,,,-1,,
1761104687333,1547,1,,,-1,,
1761104687333,1547,2,,,-1,,
1761104687363,1548,0,,,-1,,
1761104687363,1548,1,,,-1,,
1761104687363,1548,2,,,-1,,
1761104687392,1549,0,,,-1,,
1761104687392,1549,1,,,-1,,
1761104687392,1549,2,,,-1,,
1761104687421,1550,0,,,-1,,
1761104687421,1550,1,,,-1,,
1761104687421,1550,2,,,-1,,
1761104687450,1551,0,,,-1,,
1761104687450,1551,1,,,-1,,
1761104687450,1551,2,,,-1,,
1761104687479,1552,0,,,-1,,
1761104687480,1552,1,,,-1,,
1761104687480,1552,2,,,-1,,
1761104687509,1553,0,,,-1,,
1761104687509,1553,1,,,-1,,
1761104687509,1553,2,,,-1,,
1761104687538,1554,0,,,-1,,
1761104687538,1554,1,,,-1,,
1761104687538,1554,2,,,-1,,
1761104687567,1555,0,,,-1,,
1761104687567,1555,1,,,-1,,
1761104687567,1555,2,,,-1,,
1761104687596,1556,0,,,-1,,
1761104687596,1556,1,,,-1,,
1761104687596,1556,2,,,-1,,
1761104687625,1557,0,,,-1,,
1761104687625,1557,1,,,-1,,
1761104687625,1557,2,,,-1,,
1761104687654,1558,0,,,-1,,
1761104687654,1558,1,,,-1,,
1761104687654,1558,2,,,-1,,
1761104687683,1559,0,,,-1,,
1761104687683,1559,1,,,-1,,
1761104687683,1559,2,,,-1,,
1761104687713,1560,0,,,-1,,
1761104687713,1560,1,,,-1,,
1761104687713,1560,2,,,-1,,
1761104687743,1561,0,,,-1,,
1761104687743,1561,1,,,-1,,
1761104687743,1561,2,,,-1,,
1761104687772,1562,0,,,-1,,
1761104687772,1562,1,,,-1,,
1761104687772,1562,2,,,-1,,
1761104687802,1563,0,,,-1,,
1761104687802,1563,1,,,-1,,
1761104687802,1563,2,,,-1,,
1761104687831,1564,0,,,-1,,
1761104687831,1564,1,,,-1,,
1761104687831,1564,2,,,-1,,
1761104687861,1565,0,,,-1,,
1761104687861,1565,1,,,-1,,
1761104687861,1565,2,,,-1,,
1761104687891,1566,0,,,-1,,
1761104687891,1566,1,,,-1,,
1761104687891,1566,2,,,-1,,
1761104687920,1567,0,,,-1,,
1761104687920,1567,1,,,-1,,
1761104687920,1567,2,,,-1,,
1761104687949,1568,0,,,-1,,
1761104687949,1568,1,,,-1,,
1761104687949,1568,2,,,-1,,
1761104687979,1569,0,,,-1,,
1761104687979,1569,1,,,-1,,
1761104687979,1569,2,,,-1,,
1761104688009,1570,0,,,-1,,
1761104688009,1570,1,,,-1,,
1761104688009,1570,2,,,-1,,
1761104688038,1571,0,,,-1,,
1761104688038,1571,1,,,-1,,
1761104688038,1571,2,,,-1,,
1761104688068,1572,0,,,-1,,
1761104688068,1572,1,,,-1,,
1761104688068,1572,2,,,-1,,
1761104688097,1573,0,,,-1,,
1761104688097,1573,1,,,-1,,
1761104688097,1573,2,,,-1,,
1761104688126,1574,0,,,-1,,
1761104688126,1574,1,,,-1,,
1761104688126,1574,2,,,-1,,
1761104688155,1575,0,,,-1,,
1761104688155,1575,1,,,-1,,
1761104688155,1575,2,,,-1,,
1761104688184,1576,0,,,-1,,
1761104688184,1576,1,,,-1,,
1761104688184,1576,2,,,-1,,
1761104688214,1577,0,,,-1,,
1761104688214,1577,1,,,-1,,
1761104688214,1577,2,,,-1,,
1761104688243,1578,0,,,-1,,
1761104688243,1578,1,,,-1,,
1761104688243,1578,2,,,-1,,
1761104688272,1579,0,,,-1,,
1761104688272,1579,1,,,-1,,
1761104688272,1579,2,,,-1,,
1761104688301,1580,0,,,-1,,
1761104688301,1580,1,,,-1,,
1761104688301,1580,2,,,-1,,
1761104688331,1581,0,,,-1,,
1761104688331,1581,1,,,-1,,
1761104688331,1581,2,,,-1,,
1761104688360,1582,0,,,-1,,
1761104688360,1582,1,,,-1,,
1761104688360,1582,2,,,-1,,
1761104690193,1583,0,,,-1,,
1761104690193,1583,1,,,-1,,
1761104690193,1583,2,,,-1,,
1761104690224,1584,0,,,-1,,
1761104690224,1584,1,,,-1,,
1761104690224,1584,2,,,-1,,
1761104690253,1585,0,,,-1,,
1761104690253,1585,1,,,-1,,
1761104690253,1585,2,,,-1,,
1761104690282,1586,0,,,-1,,
1761104690282,1586,1,,,-1,,
1761104690282,1586,2,,,-1,,
1761104690311,1587,0,,,-1,,
1761104690311,1587,1,,,-1,,
1761104690311,1587,2,,,-1,,
1761104690339,1588,0,,,-1,,
1761104690339,1588,1,,,-1,,
1761104690339,1588,2,,,-1,,
1761104690368,1589,0,,,-1,,
1761104690368,1589,1,,,-1,,
1761104690368,1589,2,,,-1,,
1761104690396,1590,0,,,-1,,
1761104690396,1590,1,,,-1,,
1761104690396,1590,2,,,-1,,
1761104690425,1591,0,,,-1,,
1761104690425,1591,1,,,-1,,
1761104690425,1591,2,,,-1,,
1761104690453,1592,0,,,-1,,
1761104690453,1592,1,,,-1,,
1761104690453,1592,2,,,-1,,
1761104690483,1593,0,,,-1,,
1761104690483,1593,1,,,-1,,
1761104690483,1593,2,,,-1,,
1761104690512,1594,0,,,-1,,
1761104690512,1594,1,,,-1,,
1761104690512,1594,2,,,-1,,
1761104690542,1595,0,,,-1,,
1761104690542,1595,1,,,-1,,
1761104690542,1595,2,,,-1,,
1761104690571,1596,0,,,-1,,
1761104690571,1596,1,,,-1,,
1761104690571,1596,2,,,-1,,
1761104690600,1597,0,,,-1,,
1761104690600,1597,1,,,-1,,
1761104690600,1597,2,,,-1,,
1761104690629,1598,0,,,-1,,
1761104690629,1598,1,,,-1,,
1761104690629,1598,2,,,-1,,
1761104690657,1599,0,,,-1,,
1761104690657,1599,1,,,-1,,
1761104690657,1599,2,,,-1,,
1761104690686,1600,0,,,-1,,
1761104690686,1600,1,,,-1,,
1761104690686,1600,2,,,-1,,
1761104690715,1601,0,,,-1,,
1761104690715,1601,1,,,-1,,
1761104690715,1601,2,,,-1,,
1761104690743,1602,0,,,-1,,
1761104690743,1602,1,,,-1,,
1761104690743,1602,2,,,-1,,
1761104690773,1603,0,,,-1,,
1761104690773,1603,1,,,-1,,
1761104690773,1603,2,,,-1,,
1761104690802,1604,0,,,-1,,
1761104690802,1604,1,,,-1,,
1761104690802,1604,2,,,-1,,
1761104690831,1605,0,,,-1,,
1761104690831,1605,1,,,-1,,
1761104690831,1605,2,,,-1,,
1761104690860,1606,0,,,-1,,
1761104690860,1606,1,,,-1,,
1761104690860,1606,2,,,-1,,
1761104690889,1607,0,,,-1,,
1761104690889,1607,1,,,-1,,
1761104690889,1607,2,,,-1,,
1761104690918,1608,0,,,-1,,
1761104690918,1608,1,,,-1,,
1761104690918,1608,2,,,-1,,
1761104690947,1609,0,,,-1,,
1761104690947,1609,1,,,-1,,
1761104690947,1609,2,,,-1,,
1761104690976,1610,0,,,-1,,
1761104690976,1610,1,,,-1,,
1761104690976,1610,2,,,-1,,
1761104691004,1611,0,,,-1,,
1761104691004,1611,1,,,-1,,
1761104691004,1611,2,,,-1,,
1761104691033,1612,0,,,-1,,
1761104691033,1612,1,,,-1,,
1761104691033,1612,2,,,-1,,
1761104691062,1613,0,,,-1,,
1761104691062,1613,1,,,-1,,
1761104691062,1613,2,,,-1,,
1761104691091,1614,0,,,-1,,
1761104691091,1614,1,,,-1,,
1761104691091,1614,2,,,-1,,
1761104691119,1615,0,,,-1,,
1761104691119,1615,1,,,-1,,
1761104691119,1615,2,,,-1,,
1761104691148,1616,0,,,-1,,
1761104691148,1616,1,,,-1,,
1761104691148,1616,2,,,-1,,
1761104691177,1617,0,,,-1,,
1761104691177,1617,1,,,-1,,
1761104691177,1617,2,,,-1,,
1761104691206,1618,0,,,-1,,
1761104691206,1618,1,,,-1,,
1761104691206,1618,2,,,-1,,
1761104691235,1619,0,,,-1,,
1761104691235,1619,1,,,-1,,
1761104691235,1619,2,,,-1,,
1761104691264,1620,0,,,-1,,
1761104691264,1620,1,,,-1,,
1761104691264,1620,2,,,-1,,
1761104691293,1621,0,,,-1,,
1761104691293,1621,1,,,-1,,
1761104691293,1621,2,,,-1,,
1761104691322,1622,0,,,-1,,
1761104691322,1622,1,,,-1,,
1761104691322,1622,2,,,-1,,
1761104691351,1623,0,,,-1,,
1761104691351,1623,1,,,-1,,
1761104691351,1623,2,,,-1,,
1761104691380,1624,0,,,-1,,
1761104691380,1624,1,,,-1,,
1761104691380,1624,2,,,-1,,
1761104691409,1625,0,,,-1,,
1761104691409,1625,1,,,-1,,
1761104691409,1625,2,,,-1,,
1761104691438,1626,0,,,-1,,
1761104691438,1626,1,,,-1,,
1761104691438,1626,2,,,-1,,
1761104691467,1627,0,,,-1,,
1761104691467,1627,1,,,-1,,
1761104691467,1627,2,,,-1,,
1761104691496,1628,0,,,-1,,
1761104691496,1628,1,,,-1,,
1761104691496,1628,2,,,-1,,
1761104691526,1629,0,,,-1,,
1761104691526,1629,1,,,-1,,
1761104691526,1629,2,,,-1,,
1761104691555,1630,0,,,-1,,
1761104691555,1630,1,,,-1,,
1761104691555,1630,2,,,-1,,
1761104691584,1631,0,,,-1,,
1761104691584,1631,1,,,-1,,
1761104691584,1631,2,,,-1,,
1761104691613,1632,0,,,-1,,
1761104691613,1632,1,,,-1,,
1761104691613,1632,2,,,-1,,
1761104691642,1633,0,,,-1,,
1761104691642,1633,1,,,-1,,
1761104691642,1633,2,,,-1,,
1761104691671,1634,0,,,-1,,
1761104691671,1634,1,,,-1,,
1761104691671,1634,2,,,-1,,
1761104691700,1635,0,,,-1,,
1761104691700,1635,1,,,-1,,
1761104691700,1635,2,,,-1,,
1761104691729,1636,0,,,-1,,
1761104691729,1636,1,,,-1,,
1761104691729,1636,2,,,-1,,
1761104691758,1637,0,,,-1,,
1761104691758,1637,1,,,-1,,
1761104691758,1637,2,,,-1,,
1761104691788,1638,0,,,-1,,
1761104691788,1638,1,,,-1,,
1761104691788,1638,2,,,-1,,
1761104691817,1639,0,,,-1,,
1761104691817,1639,1,,,-1,,
1761104691817,1639,2,,,-1,,
1761104691846,1640,0,,,-1,,
1761104691846,1640,1,,,-1,,
1761104691846,1640,2,,,-1,,
1761104691875,1641,0,,,-1,,
1761104691875,1641,1,,,-1,,
1761104691875,1641,2,,,-1,,
1761104691904,1642,0,,,-1,,
1761104691904,1642,1,,,-1,,
1761104691904,1642,2,,,-1,,
1761104691933,1643,0,,,-1,,
1761104691933,1643,1,,,-1,,
1761104691933,1643,2,,,-1,,
1761104691962,1644,0,,,-1,,
1761104691962,1644,1,,,-1,,
1761104691962,1644,2,,,-1,,
1761104691993,1645,0,,,-1,,
1761104691993,1645,1,,,-1,,
1761104691993,1645,2,,,-1,,
1761104692023,1646,0,,,-1,,
1761104692023,1646,1,,,-1,,
1761104692023,1646,2,,,-1,,
1761104692053,1647,0,,,-1,,
1761104692053,1647,1,,,-1,,
1761104692053,1647,2,,,-1,,
1761104692083,1648,0,,,-1,,
1761104692083,1648,1,,,-1,,
1761104692083,1648,2,,,-1,,
1761104692114,1649,0,,,-1,,
1761104692114,1649,1,,,-1,,
1761104692114,1649,2,,,-1,,
1761104692145,1650,0,,,-1,,
1761104692145,1650,1,,,-1,,
1761104692145,1650,2,,,-1,,
1761104692175,1651,0,,,-1,,
1761104692175,1651,1,,,-1,,
1761104692175,1651,2,,,-1,,
1761104692205,1652,0,,,-1,,
1761104692205,1652,1,,,-1,,
1761104692205,1652,2,,,-1,,
1761104692236,1653,0,,,-1,,
1761104692236,1653,1,,,-1,,
1761104692236,1653,2,,,-1,,
1761104692265,1654,0,,,-1,,
1761104692265,1654,1,,,-1,,
1761104692265,1654,2,,,-1,,
1761104692296,1655,0,,,-1,,
1761104692296,1655,1,,,-1,,
1761104692296,1655,2,,,-1,,
1761104692325,1656,0,,,-1,,
1761104692325,1656,1,,,-1,,
1761104692325,1656,2,,,-1,,
1761104692355,1657,0,,,-1,,
1761104692355,1657,1,,,-1,,
1761104692355,1657,2,,,-1,,
1761104692385,1658,0,,,-1,,
1761104692385,1658,1,,,-1,,
1761104692385,1658,2,,,-1,,
1761104692415,1659,0,,,-1,,
1761104692415,1659,1,,,-1,,
1761104692415,1659,2,,,-1,,
1761104692445,1660,0,,,-1,,
1761104692445,1660,1,,,-1,,
1761104692445,1660,2,,,-1,,
1761104692475,1661,0,,,-1,,
1761104692475,1661,1,,,-1,,
1761104692475,1661,2,,,-1,,
1761104692506,1662,0,,,-1,,
1761104692506,1662,1,,,-1,,
1761104692506,1662,2,,,-1,,
1761104692536,1663,0,,,-1,,
1761104692536,1663,1,,,-1,,
1761104692536,1663,2,,,-1,,
1761104692567,1664,0,,,-1,,
1761104692567,1664,1,,,-1,,
1761104692567,1664,2,,,-1,,
1761104692598,1665,0,,,-1,,
1761104692598,1665,1,,,-1,,
1761104692598,1665,2,,,-1,,
1761104692629,1666,0,,,-1,,
1761104692629,1666,1,,,-1,,
1761104692629,1666,2,,,-1,,
1761104692659,1667,0,,,-1,,
1761104692659,1667,1,,,-1,,
1761104692659,1667,2,,,-1,,
1761104692689,1668,0,,,-1,,
1761104692689,1668,1,,,-1,,
1761104692689,1668,2,,,-1,,
1761104692720,1669,0,,,-1,,
1761104692720,1669,1,,,-1,,
1761104692720,1669,2,,,-1,,
1761104692750,1670,0,,,-1,,
1761104692750,1670,1,,,-1,,
1761104692750,1670,2,,,-1,,
1761104692780,1671,0,,,-1,,
1761104692780,1671,1,,,-1,,
1761104692780,1671,2,,,-1,,
1761104692810,1672,0,,,-1,,
1761104692810,1672,1,,,-1,,
1761104692810,1672,2,,,-1,,
1761104692841,1673,0,,,-1,,
1761104692841,1673,1,,,-1,,
1761104692841,1673,2,,,-1,,
1761104692871,1674,0,,,-1,,
1761104692871,1674,1,,,-1,,
1761104692871,1674,2,,,-1,,
1761104692901,1675,0,,,-1,,
1761104692901,1675,1,,,-1,,
1761104692901,1675,2,,,-1,,
1761104692932,1676,0,,,-1,,
1761104692932,1676,1,,,-1,,
1761104692932,1676,2,,,-1,,
1761104692962,1677,0,,,-1,,
1761104692962,1677,1,,,-1,,
1761104692962,1677,2,,,-1,,
1761104692992,1678,0,,,-1,,
1761104692992,1678,1,,,-1,,
1761104692992,1678,2,,,-1,,
1761104693023,1679,0,,,-1,,
1761104693023,1679,1,,,-1,,
1761104693023,1679,2,,,-1,,
1761104693053,1680,0,,,-1,,
1761104693053,1680,1,,,-1,,
1761104693053,1680,2,,,-1,,
1761104693083,1681,0,,,-1,,
1761104693083,1681,1,,,-1,,
1761104693083,1681,2,,,-1,,
1761104693114,1682,0,,,-1,,
1761104693114,1682,1,,,-1,,
1761104693114,1682,2,,,-1,,
1761104693144,1683,0,,,-1,,
1761104693144,1683,1,,,-1,,
1761104693144,1683,2,,,-1,,
1761104693174,1684,0,,,-1,,
1761104693174,1684,1,,,-1,,
1761104693174,1684,2,,,-1,,
1761104693205,1685,0,,,-1,,
1761104693205,1685,1,,,-1,,
1761104693205,1685,2,,,-1,,
1761104693235,1686,0,,,-1,,
1761104693235,1686,1,,,-1,,
1761104693235,1686,2,,,-1,,
1761104693266,1687,0,,,-1,,
1761104693266,1687,1,,,-1,,
1761104693266,1687,2,,,-1,,
1761104693297,1688,0,,,-1,,
1761104693297,1688,1,,,-1,,
1761104693297,1688,2,,,-1,,
1761104693328,1689,0,,,-1,,
1761104693328,1689,1,,,-1,,
1761104693328,1689,2,,,-1,,
1761104695161,1690,0,,,-1,,
1761104695161,1690,1,,,-1,,
1761104695161,1690,2,,,-1,,
1761104695189,1691,0,,,-1,,
1761104695189,1691,1,,,-1,,
1761104695189,1691,2,,,-1,,
1761104695218,1692,0,,,-1,,
1761104695218,1692,1,,,-1,,
1761104695218,1692,2,,,-1,,
1761104695247,1693,0,,,-1,,
1761104695247,1693,1,,,-1,,
1761104695247,1693,2,,,-1,,
1761104695276,1694,0,,,-1,,
1761104695276,1694,1,,,-1,,
1761104695276,1694,2,,,-1,,
1761104695304,1695,0,,,-1,,
1761104695304,1695,1,,,-1,,
1761104695304,1695,2,,,-1,,
1761104695333,1696,0,,,-1,,
1761104695333,1696,1,,,-1,,
1761104695333,1696,2,,,-1,,
1761104695361,1697,0,,,-1,,
1761104695361,1697,1,,,-1,,
1761104695361,1697,2,,,-1,,
1761104695390,1698,0,,,-1,,
1761104695390,1698,1,,,-1,,
1761104695390,1698,2,,,-1,,
1761104695418,1699,0,,,-1,,
1761104695418,1699,1,,,-1,,
1761104695418,1699,2,,,-1,,
1761104695446,1700,0,,,-1,,
1761104695446,1700,1,,,-1,,
1761104695446,1700,2,,,-1,,
1761104695475,1701,0,,,-1,,
1761104695475,1701,1,,,-1,,
1761104695475,1701,2,,,-1,,
1761104695503,1702,0,,,-1,,
1761104695503,1702,1,,,-1,,
1761104695503,1702,2,,,-1,,
1761104695532,1703,0,,,-1,,
1761104695532,1703,1,,,-1,,
1761104695532,1703,2,,,-1,,
1761104695560,1704,0,,,-1,,
1761104695560,1704,1,,,-1,,
1761104695560,1704,2,,,-1,,
1761104695589,1705,0,,,-1,,
1761104695589,1705,1,,,-1,,
1761104695589,1705,2,,,-1,,
1761104695618,1706,0,,,-1,,
1761104695618,1706,1,,,-1,,
1761104695618,1706,2,,,-1,,
1761104695646,1707,0,,,-1,,
1761104695646,1707,1,,,-1,,
1761104695646,1707,2,,,-1,,
1761104695675,1708,0,,,-1,,
1761104695675,1708,1,,,-1,,
1761104695675,1708,2,,,-1,,
1761104695704,1709,0,,,-1,,
1761104695704,1709,1,,,-1,,
1761104695704,1709,2,,,-1,,
1761104695733,1710,0,,,-1,,
1761104695733,1710,1,,,-1,,
1761104695733,1710,2,,,-1,,
1761104695761,1711,0,,,-1,,
1761104695761,1711,1,,,-1,,
1761104695761,1711,2,,,-1,,
1761104695790,1712,0,,,-1,,
1761104695790,1712,1,,,-1,,
1761104695790,1712,2,,,-1,,
1761104695819,1713,0,,,-1,,
1761104695819,1713,1,,,-1,,
1761104695819,1713,2,,,-1,,
1761104695848,1714,0,,,-1,,
1761104695848,1714,1,,,-1,,
1761104695848,1714,2,,,-1,,
1761104695876,1715,0,,,-1,,
1761104695876,1715,1,,,-1,,
1761104695876,1715,2,,,-1,,
1761104695905,1716,0,,,-1,,
1761104695905,1716,1,,,-1,,
1761104695905,1716,2,,,-1,,
1761104695934,1717,0,,,-1,,
1761104695934,1717,1,,,-1,,
1761104695934,1717,2,,,-1,,
1761104695962,1718,0,,,-1,,
1761104695962,1718,1,,,-1,,
1761104695962,1718,2,,,-1,,
1761104695991,1719,0,,,-1,,
1761104695991,1719,1,,,-1,,
1761104695991,1719,2,,,-1,,
1761104696020,1720,0,,,-1,,
1761104696020,1720,1,,,-1,,
1761104696020,1720,2,,,-1,,
1761104696049,1721,0,,,-1,,
1761104696049,1721,1,,,-1,,
1761104696049,1721,2,,,-1,,
1761104696077,1722,0,,,-1,,
1761104696077,1722,1,,,-1,,
1761104696077,1722,2,,,-1,,
1761104696106,1723,0,,,-1,,
1761104696106,1723,1,,,-1,,
1761104696106,1723,2,,,-1,,
1761104696135,1724,0,,,-1,,
1761104696135,1724,1,,,-1,,
1761104696135,1724,2,,,-1,,
1761104696164,1725,0,,,-1,,
1761104696164,1725,1,,,-1,,
1761104696164,1725,2,,,-1,,
1761104696194,1726,0,,,-1,,
1761104696194,1726,1,,,-1,,
1761104696194,1726,2,,,-1,,
1761104696224,1727,0,,,-1,,
1761104696224,1727,1,,,-1,,
1761104696224,1727,2,,,-1,,
1761104696254,1728,0,,,-1,,
1761104696254,1728,1,,,-1,,
1761104696254,1728,2,,,-1,,
1761104696282,1729,0,,,-1,,
1761104696282,1729,1,,,-1,,
1761104696282,1729,2,,,-1,,
1761104696311,1730,0,,,-1,,
1761104696311,1730,1,,,-1,,
1761104696311,1730,2,,,-1,,
1761104696341,1731,0,,,-1,,
1761104696341,1731,1,,,-1,,
1761104696341,1731,2,,,-1,,
1761104696370,1732,0,,,-1,,
1761104696370,1732,1,,,-1,,
1761104696370,1732,2,,,-1,,
1761104696399,1733,0,,,-1,,
1761104696399,1733,1,,,-1,,
1761104696399,1733,2,,,-1,,
1761104696428,1734,0,,,-1,,
1761104696428,1734,1,,,-1,,
1761104696428,1734,2,,,-1,,
1761104696457,1735,0,,,-1,,
1761104696457,1735,1,,,-1,,
1761104696457,1735,2,,,-1,,
1761104696486,1736,0,,,-1,,
1761104696486,1736,1,,,-1,,
1761104696486,1736,2,,,-1,,
1761104696515,1737,0,,,-1,,
1761104696515,1737,1,,,-1,,
1761104696515,1737,2,,,-1,,
1761104696544,1738,0,,,-1,,
1761104696544,1738,1,,,-1,,
1761104696544,1738,2,,,-1,,
1761104696573,1739,0,,,-1,,
1761104696573,1739,1,,,-1,,
1761104696573,1739,2,,,-1,,
1761104696602,1740,0,,,-1,,
1761104696602,1740,1,,,-1,,
1761104696602,1740,2,,,-1,,
1761104696631,1741,0,,,-1,,
1761104696631,1741,1,,,-1,,
1761104696631,1741,2,,,-1,,
1761104696661,1742,0,,,-1,,
1761104696661,1742,1,,,-1,,
1761104696661,1742,2,,,-1,,
1761104696692,1743,0,,,-1,,
1761104696692,1743,1,,,-1,,
1761104696692,1743,2,,,-1,,
1761104696721,1744,0,,,-1,,
1761104696721,1744,1,,,-1,,
1761104696721,1744,2,,,-1,,
1761104696751,1745,0,,,-1,,
1761104696751,1745,1,,,-1,,
1761104696751,1745,2,,,-1,,
1761104696780,1746,0,,,-1,,
1761104696780,1746,1,,,-1,,
1761104696780,1746,2,,,-1,,
1761104696809,1747,0,,,-1,,
1761104696809,1747,1,,,-1,,
1761104696809,1747,2,,,-1,,
1761104696838,1748,0,,,-1,,
1761104696838,1748,1,,,-1,,
1761104696838,1748,2,,,-1,,
1761104696867,1749,0,,,-1,,
1761104696867,1749,1,,,-1,,
1761104696867,1749,2,,,-1,,
1761104696896,1750,0,,,-1,,
1761104696896,1750,1,,,-1,,
1761104696896,1750,2,,,-1,,
1761104696926,1751,0,,,-1,,
1761104696926,1751,1,,,-1,,
1761104696926,1751,2,,,-1,,
1761104696956,1752,0,,,-1,,
1761104696956,1752,1,,,-1,,
1761104696956,1752,2,,,-1,,
1761104696986,1753,0,,,-1,,
1761104696986,1753,1,,,-1,,
1761104696986,1753,2,,,-1,,
1761104697016,1754,0,,,-1,,
1761104697016,1754,1,,,-1,,
1761104697016,1754,2,,,-1,,
1761104697047,1755,0,,,-1,,
1761104697047,1755,1,,,-1,,
1761104697047,1755,2,,,-1,,
1761104697076,1756,0,,,-1,,
1761104697076,1756,1,,,-1,,
1761104697076,1756,2,,,-1,,
1761104697106,1757,0,,,-1,,
1761104697106,1757,1,,,-1,,
1761104697106,1757,2,,,-1,,
1761104697136,1758,0,,,-1,,
1761104697137,1758,1,,,-1,,
1761104697137,1758,2,,,-1,,
1761104697167,1759,0,,,-1,,
1761104697167,1759,1,,,-1,,
1761104697167,1759,2,,,-1,,
1761104697197,1760,0,,,-1,,
1761104697197,1760,1,,,-1,,
1761104697197,1760,2,,,-1,,
1761104697227,1761,0,,,-1,,
1761104697227,1761,1,,,-1,,
1761104697227,1761,2,,,-1,,
1761104697257,1762,0,,,-1,,
1761104697258,1762,1,,,-1,,
1761104697258,1762,2,,,-1,,
1761104697288,1763,0,,,-1,,
1761104697288,1763,1,,,-1,,
1761104697288,1763,2,,,-1,,
1761104697318,1764,0,,,-1,,
1761104697318,1764,1,,,-1,,
1761104697318,1764,2,,,-1,,
1761104697347,1765,0,,,-1,,
1761104697347,1765,1,,,-1,,
1761104697348,1765,2,,,-1,,
1761104697378,1766,0,,,-1,,
1761104697378,1766,1,,,-1,,
1761104697378,1766,2,,,-1,,
1761104697408,1767,0,,,-1,,
1761104697408,1767,1,,,-1,,
1761104697408,1767,2,,,-1,,
1761104697438,1768,0,,,-1,,
1761104697438,1768,1,,,-1,,
1761104697438,1768,2,,,-1,,
1761104697468,1769,0,,,-1,,
1761104697468,1769,1,,,-1,,
1761104697468,1769,2,,,-1,,
1761104697499,1770,0,,,-1,,
1761104697499,1770,1,,,-1,,
1761104697499,1770,2,,,-1,,
1761104697529,1771,0,,,-1,,
1761104697529,1771,1,,,-1,,
1761104697529,1771,2,,,-1,,
1761104697559,1772,0,,,-1,,
1761104697559,1772,1,,,-1,,
1761104697559,1772,2,,,-1,,
1761104697589,1773,0,,,-1,,
1761104697589,1773,1,,,-1,,
1761104697589,1773,2,,,-1,,
1761104697620,1774,0,,,-1,,
1761104697620,1774,1,,,-1,,
1761104697620,1774,2,,,-1,,
1761104697650,1775,0,,,-1,,
1761104697650,1775,1,,,-1,,
1761104697650,1775,2,,,-1,,
1761104697680,1776,0,,,-1,,
1761104697680,1776,1,,,-1,,
1761104697680,1776,2,,,-1,,
1761104697710,1777,0,,,-1,,
1761104697710,1777,1,,,-1,,
1761104697710,1777,2,,,-1,,
1761104697741,1778,0,,,-1,,
1761104697741,1778,1,,,-1,,
1761104697741,1778,2,,,-1,,
1761104697772,1779,0,,,-1,,
1761104697772,1779,1,,,-1,,
1761104697772,1779,2,,,-1,,
1761104697802,1780,0,,,-1,,
1761104697802,1780,1,,,-1,,
1761104697802,1780,2,,,-1,,
1761104697832,1781,0,,,-1,,
1761104697832,1781,1,,,-1,,
1761104697832,1781,2,,,-1,,
1761104697862,1782,0,,,-1,,
1761104697862,1782,1,,,-1,,
1761104697862,1782,2,,,-1,,
1761104697892,1783,0,,,-1,,
1761104697892,1783,1,,,-1,,
1761104697892,1783,2,,,-1,,
1761104697923,1784,0,,,-1,,
1761104697923,1784,1,,,-1,,
1761104697923,1784,2,,,-1,,
1761104697953,1785,0,,,-1,,
1761104697953,1785,1,,,-1,,
1761104697953,1785,2,,,-1,,
1761104697984,1786,0,,,-1,,
1761104697984,1786,1,,,-1,,
1761104697984,1786,2,,,-1,,
1761104698015,1787,0,,,-1,,
1761104698015,1787,1,,,-1,,
1761104698015,1787,2,,,-1,,
1761104698045,1788,0,,,-1,,
1761104698045,1788,1,,,-1,,
1761104698045,1788,2,,,-1,,
1761104698076,1789,0,,,-1,,
1761104698076,1789,1,,,-1,,
1761104698076,1789,2,,,-1,,
1761104698106,1790,0,,,-1,,
1761104698106,1790,1,,,-1,,
1761104698106,1790,2,,,-1,,
1761104698136,1791,0,,,-1,,
1761104698136,1791,1,,,-1,,
1761104698136,1791,2,,,-1,,
1761104698167,1792,0,,,-1,,
1761104698167,1792,1,,,-1,,
1761104698167,1792,2,,,-1,,
1761104698197,1793,0,,,-1,,
1761104698197,1793,1,,,-1,,
1761104698197,1793,2,,,-1,,
1761104698228,1794,0,,,-1,,
1761104698228,1794,1,,,-1,,
1761104698228,1794,2,,,-1,,
1761104698260,1795,0,,,-1,,
1761104698260,1795,1,,,-1,,
1761104698260,1795,2,,,-1,,
1761104698291,1796,0,,,-1,,
1761104698291,1796,1,,,-1,,
1761104698291,1796,2,,,-1,,
1761104698322,1797,0,,,-1,,
1761104698322,1797,1,,,-1,,
1761104698322,1797,2,,,-1,,
1761104698352,1798,0,,,-1,,
1761104698352,1798,1,,,-1,,
1761104698352,1798,2,,,-1,,
1761104698383,1799,0,,,-1,,
1761104698383,1799,1,,,-1,,
1761104698383,1799,2,,,-1,,
1761104698413,1800,0,,,-1,,
1761104698413,1800,1,,,-1,,
1761104698413,1800,2,,,-1,,
1761104698444,1801,0,,,-1,,
1761104698444,1801,1,,,-1,,
1761104698444,1801,2,,,-1,,
1761104698474,1802,0,,,-1,,
1761104698474,1802,1,,,-1,,
1761104698474,1802,2,,,-1,,
1761104698505,1803,0,,,-1,,
1761104698505,1803,1,,,-1,,
1761104698505,1803,2,,,-1,,
1761104700347,1804,0,,,-1,,
1761104700347,1804,1,,,-1,,
1761104700347,1804,2,,,-1,,
1761104700376,1805,0,,,-1,,
1761104700376,1805,1,,,-1,,
1761104700376,1805,2,,,-1,,
1761104700405,1806,0,,,-1,,
1761104700405,1806,1,,,-1,,
1761104700405,1806,2,,,-1,,
1761104700434,1807,0,,,-1,,
1761104700434,1807,1,,,-1,,
1761104700434,1807,2,,,-1,,
1761104700463,1808,0,,,-1,,
1761104700463,1808,1,,,-1,,
1761104700463,1808,2,,,-1,,
1761104700492,1809,0,,,-1,,
1761104700492,1809,1,,,-1,,
1761104700492,1809,2,,,-1,,
1761104700522,1810,0,,,-1,,
1761104700522,1810,1,,,-1,,
1761104700522,1810,2,,,-1,,
1761104700551,1811,0,,,-1,,
1761104700551,1811,1,,,-1,,
1761104700551,1811,2,,,-1,,
1761104700579,1812,0,,,-1,,
1761104700579,1812,1,,,-1,,
1761104700579,1812,2,,,-1,,
1761104700608,1813,0,,,-1,,
1761104700608,1813,1,,,-1,,
1761104700608,1813,2,,,-1,,
1761104700637,1814,0,,,-1,,
1761104700637,1814,1,,,-1,,
1761104700637,1814,2,,,-1,,
1761104700666,1815,0,,,-1,,
1761104700666,1815,1,,,-1,,
1761104700666,1815,2,,,-1,,
1761104700696,1816,0,,,-1,,
1761104700696,1816,1,,,-1,,
1761104700696,1816,2,,,-1,,
1761104700724,1817,0,,,-1,,
1761104700724,1817,1,,,-1,,
1761104700724,1817,2,,,-1,,
1761104700754,1818,0,,,-1,,
1761104700754,1818,1,,,-1,,
1761104700754,1818,2,,,-1,,
1761104700784,1819,0,,,-1,,
1761104700784,1819,1,,,-1,,
1761104700784,1819,2,,,-1,,
1761104700813,1820,0,,,-1,,
1761104700813,1820,1,,,-1,,
1761104700813,1820,2,,,-1,,
1761104700843,1821,0,,,-1,,
1761104700843,1821,1,,,-1,,
1761104700843,1821,2,,,-1,,
1761104700871,1822,0,,,-1,,
1761104700871,1822,1,,,-1,,
1761104700871,1822,2,,,-1,,
1761104700900,1823,0,,,-1,,
1761104700900,1823,1,,,-1,,
1761104700900,1823,2,,,-1,,
1761104700929,1824,0,,,-1,,
1761104700929,1824,1,,,-1,,
1761104700929,1824,2,,,-1,,
1761104700958,1825,0,,,-1,,
1761104700958,1825,1,,,-1,,
1761104700958,1825,2,,,-1,,
1761104700987,1826,0,,,-1,,
1761104700987,1826,1,,,-1,,
1761104700987,1826,2,,,-1,,
1761104701016,1827,0,,,-1,,
1761104701016,1827,1,,,-1,,
1761104701016,1827,2,,,-1,,
1761104701045,1828,0,,,-1,,
1761104701045,1828,1,,,-1,,
1761104701045,1828,2,,,-1,,
1761104701075,1829,0,,,-1,,
1761104701075,1829,1,,,-1,,
1761104701075,1829,2,,,-1,,
1761104701104,1830,0,,,-1,,
1761104701104,1830,1,,,-1,,
1761104701104,1830,2,,,-1,,
1761104701133,1831,0,,,-1,,
1761104701133,1831,1,,,-1,,
1761104701133,1831,2,,,-1,,
1761104701162,1832,0,,,-1,,
1761104701162,1832,1,,,-1,,
1761104701162,1832,2,,,-1,,
1761104701191,1833,0,,,-1,,
1761104701191,1833,1,,,-1,,
1761104701191,1833,2,,,-1,,
1761104701220,1834,0,,,-1,,
1761104701220,1834,1,,,-1,,
1761104701220,1834,2,,,-1,,
1761104701249,1835,0,,,-1,,
1761104701249,1835,1,,,-1,,
1761104701249,1835,2,,,-1,,
1761104701278,1836,0,,,-1,,
1761104701278,1836,1,,,-1,,
1761104701278,1836,2,,,-1,,
1761104701307,1837,0,,,-1,,
1761104701307,1837,1,,,-1,,
1761104701307,1837,2,,,-1,,
1761104701337,1838,0,,,-1,,
1761104701337,1838,1,,,-1,,
1761104701337,1838,2,,,-1,,
1761104701366,1839,0,,,-1,,
1761104701366,1839,1,,,-1,,
1761104701366,1839,2,,,-1,,
1761104701394,1840,0,,,-1,,
1761104701394,1840,1,,,-1,,
1761104701394,1840,2,,,-1,,
1761104701423,1841,0,,,-1,,
1761104701423,1841,1,,,-1,,
1761104701423,1841,2,,,-1,,
1761104701452,1842,0,,,-1,,
1761104701452,1842,1,,,-1,,
1761104701452,1842,2,,,-1,,
1761104701481,1843,0,,,-1,,
1761104701481,1843,1,,,-1,,
1761104701481,1843,2,,,-1,,
1761104701510,1844,0,,,-1,,
1761104701510,1844,1,,,-1,,
1761104701510,1844,2,,,-1,,
1761104701539,1845,0,,,-1,,
1761104701539,1845,1,,,-1,,
1761104701539,1845,2,,,-1,,
1761104701569,1846,0,,,-1,,
1761104701569,1846,1,,,-1,,
1761104701569,1846,2,,,-1,,
1761104701598,1847,0,,,-1,,
1761104701598,1847,1,,,-1,,
1761104701598,1847,2,,,-1,,
1761104701628,1848,0,,,-1,,
1761104701628,1848,1,,,-1,,
1761104701628,1848,2,,,-1,,
1761104701657,1849,0,,,-1,,
1761104701657,1849,1,,,-1,,
1761104701657,1849,2,,,-1,,
1761104701686,1850,0,,,-1,,
1761104701686,1850,1,,,-1,,
1761104701686,1850,2,,,-1,,
1761104701715,1851,0,,,-1,,
1761104701715,1851,1,,,-1,,
1761104701715,1851,2,,,-1,,
1761104701745,1852,0,,,-1,,
1761104701745,1852,1,,,-1,,
1761104701745,1852,2,,,-1,,
1761104701774,1853,0,,,-1,,
1761104701774,1853,1,,,-1,,
1761104701774,1853,2,,,-1,,
1761104701803,1854,0,,,-1,,
1761104701803,1854,1,,,-1,,
1761104701803,1854,2,,,-1,,
1761104701832,1855,0,,,-1,,
1761104701832,1855,1,,,-1,,
1761104701832,1855,2,,,-1,,
1761104701861,1856,0,,,-1,,
1761104701861,1856,1,,,-1,,
1761104701861,1856,2,,,-1,,
1761104701890,1857,0,,,-1,,
1761104701890,1857,1,,,-1,,
1761104701890,1857,2,,,-1,,
1761104701920,1858,0,,,-1,,
1761104701920,1858,1,,,-1,,
1761104701920,1858,2,,,-1,,
1761104701949,1859,0,,,-1,,
1761104701949,1859,1,,,-1,,
1761104701949,1859,2,,,-1,,
1761104701978,1860,0,,,-1,,
1761104701978,1860,1,,,-1,,
1761104701978,1860,2,,,-1,,
1761104702007,1861,0,,,-1,,
1761104702007,1861,1,,,-1,,
1761104702007,1861,2,,,-1,,
1761104702037,1862,0,,,-1,,
1761104702037,1862,1,,,-1,,
1761104702037,1862,2,,,-1,,
1761104702066,1863,0,,,-1,,
1761104702066,1863,1,,,-1,,
1761104702066,1863,2,,,-1,,
1761104702095,1864,0,,,-1,,
1761104702095,1864,1,,,-1,,
1761104702095,1864,2,,,-1,,
1761104702125,1865,0,,,-1,,
1761104702125,1865,1,,,-1,,
1761104702125,1865,2,,,-1,,
1761104702154,1866,0,,,-1,,
1761104702154,1866,1,,,-1,,
1761104702154,1866,2,,,-1,,
1761104702185,1867,0,,,-1,,
1761104702185,1867,1,,,-1,,
1761104702185,1867,2,,,-1,,
1761104702215,1868,0,,,-1,,
1761104702215,1868,1,,,-1,,
1761104702215,1868,2,,,-1,,
1761104702245,1869,0,,,-1,,
1761104702245,1869,1,,,-1,,
1761104702245,1869,2,,,-1,,
1761104702275,1870,0,,,-1,,
1761104702275,1870,1,,,-1,,
1761104702275,1870,2,,,-1,,
1761104702305,1871,0,,,-1,,
1761104702305,1871,1,,,-1,,
1761104702305,1871,2,,,-1,,
1761104702335,1872,0,,,-1,,
1761104702335,1872,1,,,-1,,
1761104702335,1872,2,,,-1,,
1761104702367,1873,0,,,-1,,
1761104702367,1873,1,,,-1,,
1761104702367,1873,2,,,-1,,
1761104702398,1874,0,,,-1,,
1761104702398,1874,1,,,-1,,
1761104702398,1874,2,,,-1,,
1761104702428,1875,0,,,-1,,
1761104702428,1875,1,,,-1,,
1761104702428,1875,2,,,-1,,
1761104702458,1876,0,,,-1,,
1761104702458,1876,1,,,-1,,
1761104702458,1876,2,,,-1,,
1761104702488,1877,0,,,-1,,
1761104702488,1877,1,,,-1,,
1761104702488,1877,2,,,-1,,
1761104702518,1878,0,,,-1,,
1761104702518,1878,1,,,-1,,
1761104702518,1878,2,,,-1,,
1761104702549,1879,0,,,-1,,
1761104702549,1879,1,,,-1,,
1761104702549,1879,2,,,-1,,
1761104702579,1880,0,,,-1,,
1761104702579,1880,1,,,-1,,
1761104702579,1880,2,,,-1,,
1761104702609,1881,0,,,-1,,
1761104702609,1881,1,,,-1,,
1761104702609,1881,2,,,-1,,
1761104702639,1882,0,,,-1,,
1761104702639,1882,1,,,-1,,
1761104702639,1882,2,,,-1,,
1761104702670,1883,0,,,-1,,
1761104702670,1883,1,,,-1,,
1761104702670,1883,2,,,-1,,
1761104702700,1884,0,,,-1,,
1761104702700,1884,1,,,-1,,
1761104702700,1884,2,,,-1,,
1761104702730,1885,0,,,-1,,
1761104702730,1885,1,,,-1,,
1761104702730,1885,2,,,-1,,
1761104702760,1886,0,,,-1,,
1761104702760,1886,1,,,-1,,
1761104702760,1886,2,,,-1,,
1761104702791,1887,0,,,-1,,
1761104702791,1887,1,,,-1,,
1761104702791,1887,2,,,-1,,
1761104702822,1888,0,,,-1,,
1761104702822,1888,1,,,-1,,
1761104702822,1888,2,,,-1,,
1761104702853,1889,0,,,-1,,
1761104702853,1889,1,,,-1,,
1761104702853,1889,2,,,-1,,
1761104702884,1890,0,,,-1,,
1761104702884,1890,1,,,-1,,
1761104702884,1890,2,,,-1,,
1761104702914,1891,0,,,-1,,
1761104702914,1891,1,,,-1,,
1761104702914,1891,2,,,-1,,
1761104702944,1892,0,,,-1,,
1761104702944,1892,1,,,-1,,
1761104702944,1892,2,,,-1,,
1761104702974,1893,0,,,-1,,
1761104702974,1893,1,,,-1,,
1761104702974,1893,2,,,-1,,
1761104703005,1894,0,,,-1,,
1761104703005,1894,1,,,-1,,
1761104703005,1894,2,,,-1,,
1761104703035,1895,0,,,-1,,
1761104703035,1895,1,,,-1,,
1761104703035,1895,2,,,-1,,
1761104703066,1896,0,,,-1,,
1761104703066,1896,1,,,-1,,
1761104703066,1896,2,,,-1,,
1761104703097,1897,0,,,-1,,
1761104703097,1897,1,,,-1,,
1761104703097,1897,2,,,-1,,
1761104703127,1898,0,,,-1,,
1761104703127,1898,1,,,-1,,
1761104703127,1898,2,,,-1,,
1761104703158,1899,0,,,-1,,
1761104703158,1899,1,,,-1,,
1761104703158,1899,2,,,-1,,
1761104703189,1900,0,,,-1,,
1761104703189,1900,1,,,-1,,
1761104703189,1900,2,,,-1,,
1761104703219,1901,0,,,-1,,
1761104703219,1901,1,,,-1,,
1761104703219,1901,2,,,-1,,
1761104703250,1902,0,,,-1,,
1761104703250,1902,1,,,-1,,
1761104703250,1902,2,,,-1,,
1761104703281,1903,0,,,-1,,
1761104703281,1903,1,,,-1,,
1761104703281,1903,2,,,-1,,
1761104703312,1904,0,,,-1,,
1761104703312,1904,1,,,-1,,
1761104703312,1904,2,,,-1,,
1761104703342,1905,0,,,-1,,
1761104703342,1905,1,,,-1,,
1761104703342,1905,2,,,-1,,
1761104703373,1906,0,,,-1,,
1761104703373,1906,1,,,-1,,
1761104703373,1906,2,,,-1,,
1761104703404,1907,0,,,-1,,
1761104703404,1907,1,,,-1,,
1761104703404,1907,2,,,-1,,
1761104703434,1908,0,,,-1,,
1761104703434,1908,1,,,-1,,
1761104703434,1908,2,,,-1,,
1761104703464,1909,0,,,-1,,
1761104703464,1909,1,,,-1,,
1761104703464,1909,2,,,-1,,
1761104703495,1910,0,,,-1,,
1761104703495,1910,1,,,-1,,
1761104703495,1910,2,,,-1,,
1761104703525,1911,0,,,-1,,
1761104703525,1911,1,,,-1,,
1761104703525,1911,2,,,-1,,
1761104703556,1912,0,,,-1,,
1761104703556,1912,1,,,-1,,
1761104703556,1912,2,,,-1,,
1761104703586,1913,0,,,-1,,
1761104703586,1913,1,,,-1,,
1761104703586,1913,2,,,-1,,
1761104703617,1914,0,,,-1,,
1761104703617,1914,1,,,-1,,
1761104703617,1914,2,,,-1,,
1761104703647,1915,0,,,-1,,
1761104703647,1915,1,,,-1,,
1761104703647,1915,2,,,-1,,
1761104703678,1916,0,,,-1,,
1761104703678,1916,1,,,-1,,
1761104703678,1916,2,,,-1,,
1761104703708,1917,0,,,-1,,
1761104703708,1917,1,,,-1,,
1761104703708,1917,2,,,-1,,
1761104703739,1918,0,,,-1,,
1761104703739,1918,1,,,-1,,
1761104703739,1918,2,,,-1,,
1761104703770,1919,0,,,-1,,
1761104703770,1919,1,,,-1,,
1761104703770,1919,2,,,-1,,
1761104703800,1920,0,,,-1,,
1761104703800,1920,1,,,-1,,
1761104703800,1920,2,,,-1,,
1761104703831,1921,0,,,-1,,
1761104703831,1921,1,,,-1,,
1761104703831,1921,2,,,-1,,
1761104703861,1922,0,,,-1,,
1761104703861,1922,1,,,-1,,
1761104703861,1922,2,,,-1,,
1761104703892,1923,0,,,-1,,
1761104703892,1923,1,,,-1,,
1761104703892,1923,2,,,-1,,
1761104703923,1924,0,,,-1,,
1761104703923,1924,1,,,-1,,
1761104703923,1924,2,,,-1,,
1761104703953,1925,0,,,-1,,
1761104703953,1925,1,,,-1,,
1761104703953,1925,2,,,-1,,
1761104703984,1926,0,,,-1,,
1761104703984,1926,1,,,-1,,
1761104703984,1926,2,,,-1,,
1761104704015,1927,0,,,-1,,
1761104704015,1927,1,,,-1,,
1761104704015,1927,2,,,-1,,
1761104704046,1928,0,,,-1,,
1761104704046,1928,1,,,-1,,
1761104704046,1928,2,,,-1,,
1761104704076,1929,0,,,-1,,
1761104704076,1929,1,,,-1,,
1761104704076,1929,2,,,-1,,
1761104704108,1930,0,,,-1,,
1761104704108,1930,1,,,-1,,
1761104704108,1930,2,,,-1,,
1761104704139,1931,0,,,-1,,
1761104704139,1931,1,,,-1,,
1761104704139,1931,2,,,-1,,
1761104704171,1932,0,,,-1,,
1761104704171,1932,1,,,-1,,
1761104704171,1932,2,,,-1,,
1761104704202,1933,0,,,-1,,
1761104704202,1933,1,,,-1,,
1761104704202,1933,2,,,-1,,
1761104704233,1934,0,,,-1,,
1761104704234,1934,1,,,-1,,
1761104704234,1934,2,,,-1,,
1761104704265,1935,0,,,-1,,
1761104704265,1935,1,,,-1,,
1761104704265,1935,2,,,-1,,
1761104704296,1936,0,,,-1,,
1761104704296,1936,1,,,-1,,
1761104704296,1936,2,,,-1,,
1761104704328,1937,0,,,-1,,
1761104704328,1937,1,,,-1,,
1761104704328,1937,2,,,-1,,
1761104704360,1938,0,,,-1,,
1761104704360,1938,1,,,-1,,
1761104704360,1938,2,,,-1,,
1761104704393,1939,0,,,-1,,
1761104704393,1939,1,,,-1,,
1761104704393,1939,2,,,-1,,
1761104704426,1940,0,,,-1,,
1761104704426,1940,1,,,-1,,
1761104704426,1940,2,,,-1,,
1761104704458,1941,0,,,-1,,
1761104704458,1941,1,,,-1,,
1761104704458,1941,2,,,-1,,
1761104704490,1942,0,,,-1,,
1761104704490,1942,1,,,-1,,
1761104704490,1942,2,,,-1,,
1761104704522,1943,0,,,-1,,
1761104704522,1943,1,,,-1,,
1761104704522,1943,2,,,-1,,
1761104704553,1944,0,,,-1,,
1761104704553,1944,1,,,-1,,
1761104704553,1944,2,,,-1,,
1761104704585,1945,0,,,-1,,
1761104704585,1945,1,,,-1,,
1761104704585,1945,2,,,-1,,
1761104704617,1946,0,,,-1,,
1761104704617,1946,1,,,-1,,
1761104704617,1946,2,,,-1,,
1761104704649,1947,0,,,-1,,
1761104704649,1947,1,,,-1,,
1761104704649,1947,2,,,-1,,
1761104704681,1948,0,,,-1,,
1761104704681,1948,1,,,-1,,
1761104704681,1948,2,,,-1,,
1761104704713,1949,0,,,-1,,
1761104704713,1949,1,,,-1,,
1761104704713,1949,2,,,-1,,
1761104704745,1950,0,,,-1,,
1761104704745,1950,1,,,-1,,
1761104704745,1950,2,,,-1,,
1761104704777,1951,0,,,-1,,
1761104704777,1951,1,,,-1,,
1761104704777,1951,2,,,-1,,
1761104704808,1952,0,,,-1,,
1761104704808,1952,1,,,-1,,
1761104704808,1952,2,,,-1,,
1761104704841,1953,0,,,-1,,
1761104704841,1953,1,,,-1,,
1761104704841,1953,2,,,-1,,
1761104704874,1954,0,,,-1,,
1761104704874,1954,1,,,-1,,
1761104704874,1954,2,,,-1,,
1761104704906,1955,0,,,-1,,
1761104704906,1955,1,,,-1,,
1761104704906,1955,2,,,-1,,
1761104704938,1956,0,,,-1,,
1761104704938,1956,1,,,-1,,
1761104704938,1956,2,,,-1,,
1761104704970,1957,0,,,-1,,
1761104704970,1957,1,,,-1,,
1761104704970,1957,2,,,-1,,
1761104705002,1958,0,,,-1,,
1761104705002,1958,1,,,-1,,
1761104705002,1958,2,,,-1,,
1761104705033,1959,0,,,-1,,
1761104705033,1959,1,,,-1,,
1761104705033,1959,2,,,-1,,
1761104705065,1960,0,,,-1,,
1761104705065,1960,1,,,-1,,
1761104705065,1960,2,,,-1,,
1761104705097,1961,0,,,-1,,
1761104705097,1961,1,,,-1,,
1761104705097,1961,2,,,-1,,
1761104705129,1962,0,,,-1,,
1761104705129,1962,1,,,-1,,
1761104705129,1962,2,,,-1,,
1761104705160,1963,0,,,-1,,
1761104705160,1963,1,,,-1,,
1761104705160,1963,2,,,-1,,
1761104705192,1964,0,,,-1,,
1761104705192,1964,1,,,-1,,
1761104705192,1964,2,,,-1,,
1761104705225,1965,0,,,-1,,
1761104705225,1965,1,,,-1,,
1761104705225,1965,2,,,-1,,
1761104705257,1966,0,,,-1,,
1761104705257,1966,1,,,-1,,
1761104705257,1966,2,,,-1,,
1761104705288,1967,0,,,-1,,
1761104705288,1967,1,,,-1,,
1761104705288,1967,2,,,-1,,
1761104705321,1968,0,,,-1,,
1761104705321,1968,1,,,-1,,
1761104705321,1968,2,,,-1,,
1761104705353,1969,0,,,-1,,
1761104705353,1969,1,,,-1,,
1761104705353,1969,2,,,-1,,
1761104705385,1970,0,,,-1,,
1761104705385,1970,1,,,-1,,
1761104705385,1970,2,,,-1,,
1761104705417,1971,0,,,-1,,
1761104705417,1971,1,,,-1,,
1761104705417,1971,2,,,-1,,
1761104705449,1972,0,,,-1,,
1761104705449,1972,1,,,-1,,
1761104705449,1972,2,,,-1,,
1761104705481,1973,0,,,-1,,
1761104705481,1973,1,,,-1,,
1761104705481,1973,2,,,-1,,
1761104705513,1974,0,,,-1,,
1761104705513,1974,1,,,-1,,
1761104705513,1974,2,,,-1,,
1761104705545,1975,0,,,-1,,
1761104705545,1975,1,,,-1,,
1761104705545,1975,2,,,-1,,
1761104705577,1976,0,,,-1,,
1761104705577,1976,1,,,-1,,
1761104705577,1976,2,,,-1,,
1761104705609,1977,0,,,-1,,
1761104705609,1977,1,,,-1,,
1761104705609,1977,2,,,-1,,
1761104705641,1978,0,,,-1,,
1761104705641,1978,1,,,-1,,
1761104705641,1978,2,,,-1,,
1761104705673,1979,0,,,-1,,
1761104705673,1979,1,,,-1,,
1761104705673,1979,2,,,-1,,
1761104705705,1980,0,,,-1,,
1761104705705,1980,1,,,-1,,
1761104705705,1980,2,,,-1,,
1761104705737,1981,0,,,-1,,
1761104705737,1981,1,,,-1,,
1761104705737,1981,2,,,-1,,
1761104705769,1982,0,,,-1,,
1761104705769,1982,1,,,-1,,
1761104705769,1982,2,,,-1,,
1761104705801,1983,0,,,-1,,
1761104705801,1983,1,,,-1,,
1761104705801,1983,2,,,-1,,
1761104705833,1984,0,,,-1,,
1761104705833,1984,1,,,-1,,
1761104705833,1984,2,,,-1,,
1761104705865,1985,0,,,-1,,
1761104705865,1985,1,,,-1,,
1761104705865,1985,2,,,-1,,
1761104705897,1986,0,,,-1,,
1761104705897,1986,1,,,-1,,
1761104705897,1986,2,,,-1,,
1761104705930,1987,0,,,-1,,
1761104705930,1987,1,,,-1,,
1761104705930,1987,2,,,-1,,
1761104705963,1988,0,,,-1,,
1761104705963,1988,1,,,-1,,
1761104705963,1988,2,,,-1,,
1761104705995,1989,0,,,-1,,
1761104705995,1989,1,,,-1,,
1761104705995,1989,2,,,-1,,
1761104706027,1990,0,,,-1,,
1761104706027,1990,1,,,-1,,
1761104706027,1990,2,,,-1,,
1761104706059,1991,0,,,-1,,
1761104706059,1991,1,,,-1,,
1761104706059,1991,2,,,-1,,
1761104706092,1992,0,,,-1,,
1761104706092,1992,1,,,-1,,
1761104706092,1992,2,,,-1,,
1761104706124,1993,0,,,-1,,
1761104706124,1993,1,,,-1,,
1761104706124,1993,2,,,-1,,
1761104706157,1994,0,,,-1,,
1761104706157,1994,1,,,-1,,
1761104706157,1994,2,,,-1,,
1761104706190,1995,0,,,-1,,
1761104706190,1995,1,,,-1,,
1761104706190,1995,2,,,-1,,
1761104706223,1996,0,,,-1,,
1761104706223,1996,1,,,-1,,
1761104706223,1996,2,,,-1,,
1761104706256,1997,0,,,-1,,
1761104706256,1997,1,,,-1,,
1761104706256,1997,2,,,-1,,
1761104706289,1998,0,,,-1,,
1761104706289,1998,1,,,-1,,
1761104706289,1998,2,,,-1,,
1761104706322,1999,0,,,-1,,
1761104706322,1999,1,,,-1,,
1761104706322,1999,2,,,-1,,
1761104706355,2000,0,,,-1,,
1761104706355,2000,1,,,-1,,
1761104706355,2000,2,,,-1,,
1761104706388,2001,0,,,-1,,
1761104706388,2001,1,,,-1,,
1761104706388,2001,2,,,-1,,
1761104706421,2002,0,,,-1,,
1761104706421,2002,1,,,-1,,
1761104706421,2002,2,,,-1,,
1761104706455,2003,0,,,-1,,
1761104706455,2003,1,,,-1,,
1761104706455,2003,2,,,-1,,
1761104706489,2004,0,,,-1,,
1761104706489,2004,1,,,-1,,
1761104706489,2004,2,,,-1,,
1761104706522,2005,0,,,-1,,
1761104706522,2005,1,,,-1,,
1761104706522,2005,2,,,-1,,
1761104706555,2006,0,,,-1,,
1761104706555,2006,1,,,-1,,
1761104706555,2006,2,,,-1,,
1761104706588,2007,0,,,-1,,
1761104706588,2007,1,,,-1,,
1761104706588,2007,2,,,-1,,
1761104706621,2008,0,,,-1,,
1761104706621,2008,1,,,-1,,
1761104706621,2008,2,,,-1,,
1761104706654,2009,0,,,-1,,
1761104706654,2009,1,,,-1,,
1761104706654,2009,2,,,-1,,
1761104706687,2010,0,,,-1,,
1761104706687,2010,1,,,-1,,
1761104706687,2010,2,,,-1,,
1761104706720,2011,0,,,-1,,
1761104706720,2011,1,,,-1,,
1761104706720,2011,2,,,-1,,
1761104706753,2012,0,,,-1,,
1761104706753,2012,1,,,-1,,
1761104706753,2012,2,,,-1,,
1761104706786,2013,0,,,-1,,
1761104706786,2013,1,,,-1,,
1761104706786,2013,2,,,-1,,
1761104706819,2014,0,,,-1,,
1761104706819,2014,1,,,-1,,
1761104706819,2014,2,,,-1,,
1761104706853,2015,0,,,-1,,
1761104706853,2015,1,,,-1,,
1761104706853,2015,2,,,-1,,
1761104706886,2016,0,,,-1,,
1761104706886,2016,1,,,-1,,
1761104706886,2016,2,,,-1,,
1761104706921,2017,0,,,-1,,
1761104706921,2017,1,,,-1,,
1761104706921,2017,2,,,-1,,
1761104706954,2018,0,,,-1,,
1761104706954,2018,1,,,-1,,
1761104706954,2018,2,,,-1,,
1761104706988,2019,0,,,-1,,
1761104706988,2019,1,,,-1,,
1761104706988,2019,2,,,-1,,
1761104707021,2020,0,,,-1,,
1761104707021,2020,1,,,-1,,
1761104707021,2020,2,,,-1,,
1761104707054,2021,0,,,-1,,
1761104707054,2021,1,,,-1,,
1761104707054,2021,2,,,-1,,
1761104707088,2022,0,,,-1,,
1761104707088,2022,1,,,-1,,
1761104707088,2022,2,,,-1,,
1761104707121,2023,0,,,-1,,
1761104707121,2023,1,,,-1,,
1761104707121,2023,2,,,-1,,
1761104707154,2024,0,,,-1,,
1761104707154,2024,1,,,-1,,
1761104707154,2024,2,,,-1,,
1761104707187,2025,0,,,-1,,
1761104707187,2025,1,,,-1,,
1761104707187,2025,2,,,-1,,
1761104707221,2026,0,,,-1,,
1761104707221,2026,1,,,-1,,
1761104707221,2026,2,,,-1,,
1761104707254,2027,0,,,-1,,
1761104707254,2027,1,,,-1,,
1761104707254,2027,2,,,-1,,
1761104709099,2028,0,,,-1,,
1761104709099,2028,1,,,-1,,
1761104709099,2028,2,,,-1,,
1761104709128,2029,0,,,-1,,
1761104709128,2029,1,,,-1,,
1761104709128,2029,2,,,-1,,
1761104709156,2030,0,,,-1,,
1761104709156,2030,1,,,-1,,
1761104709156,2030,2,,,-1,,
1761104709185,2031,0,,,-1,,
1761104709185,2031,1,,,-1,,
1761104709185,2031,2,,,-1,,
1761104709214,2032,0,,,-1,,
1761104709214,2032,1,,,-1,,
1761104709214,2032,2,,,-1,,
1761104709243,2033,0,,,-1,,
1761104709243,2033,1,,,-1,,
1761104709243,2033,2,,,-1,,
1761104709271,2034,0,,,-1,,
1761104709271,2034,1,,,-1,,
1761104709271,2034,2,,,-1,,
1761104709300,2035,0,,,-1,,
1761104709300,2035,1,,,-1,,
1761104709300,2035,2,,,-1,,
1761104709329,2036,0,,,-1,,
1761104709329,2036,1,,,-1,,
1761104709329,2036,2,,,-1,,
1761104709357,2037,0,,,-1,,
1761104709357,2037,1,,,-1,,
1761104709357,2037,2,,,-1,,
1761104709386,2038,0,,,-1,,
1761104709386,2038,1,,,-1,,
1761104709386,2038,2,,,-1,,
1761104709415,2039,0,,,-1,,
1761104709415,2039,1,,,-1,,
1761104709415,2039,2,,,-1,,
1761104709444,2040,0,,,-1,,
1761104709444,2040,1,,,-1,,
1761104709444,2040,2,,,-1,,
1761104709472,2041,0,,,-1,,
1761104709472,2041,1,,,-1,,
1761104709472,2041,2,,,-1,,
1761104709501,2042,0,,,-1,,
1761104709501,2042,1,,,-1,,
1761104709501,2042,2,,,-1,,
1761104709530,2043,0,,,-1,,
1761104709530,2043,1,,,-1,,
1761104709530,2043,2,,,-1,,
1761104709559,2044,0,,,-1,,
1761104709559,2044,1,,,-1,,
1761104709559,2044,2,,,-1,,
1761104709588,2045,0,,,-1,,
1761104709588,2045,1,,,-1,,
1761104709588,2045,2,,,-1,,
1761104709616,2046,0,,,-1,,
1761104709616,2046,1,,,-1,,
1761104709616,2046,2,,,-1,,
1761104709645,2047,0,,,-1,,
1761104709645,2047,1,,,-1,,
1761104709645,2047,2,,,-1,,
1761104709674,2048,0,,,-1,,
1761104709674,2048,1,,,-1,,
1761104709674,2048,2,,,-1,,
1761104709702,2049,0,,,-1,,
1761104709702,2049,1,,,-1,,
1761104709702,2049,2,,,-1,,
1761104709731,2050,0,,,-1,,
1761104709731,2050,1,,,-1,,
1761104709731,2050,2,,,-1,,
1761104709760,2051,0,,,-1,,
1761104709760,2051,1,,,-1,,
1761104709760,2051,2,,,-1,,
1761104709789,2052,0,,,-1,,
1761104709789,2052,1,,,-1,,
1761104709789,2052,2,,,-1,,
1761104709818,2053,0,,,-1,,
1761104709818,2053,1,,,-1,,
1761104709818,2053,2,,,-1,,
1761104709846,2054,0,,,-1,,
1761104709846,2054,1,,,-1,,
1761104709846,2054,2,,,-1,,
1761104709875,2055,0,,,-1,,
1761104709875,2055,1,,,-1,,
1761104709875,2055,2,,,-1,,
1761104709904,2056,0,,,-1,,
1761104709904,2056,1,,,-1,,
1761104709904,2056,2,,,-1,,
1761104709933,2057,0,,,-1,,
1761104709933,2057,1,,,-1,,
1761104709933,2057,2,,,-1,,
1761104709961,2058,0,,,-1,,
1761104709961,2058,1,,,-1,,
1761104709961,2058,2,,,-1,,
1761104709990,2059,0,,,-1,,
1761104709990,2059,1,,,-1,,
1761104709990,2059,2,,,-1,,
1761104710019,2060,0,,,-1,,
1761104710019,2060,1,,,-1,,
1761104710019,2060,2,,,-1,,
1761104710049,2061,0,,,-1,,
1761104710049,2061,1,,,-1,,
1761104710049,2061,2,,,-1,,
1761104710078,2062,0,,,-1,,
1761104710078,2062,1,,,-1,,
1761104710078,2062,2,,,-1,,
1761104710107,2063,0,,,-1,,
1761104710107,2063,1,,,-1,,
1761104710107,2063,2,,,-1,,
1761104710135,2064,0,,,-1,,
1761104710135,2064,1,,,-1,,
1761104710135,2064,2,,,-1,,
1761104710164,2065,0,,,-1,,
1761104710164,2065,1,,,-1,,
1761104710164,2065,2,,,-1,,
1761104710193,2066,0,,,-1,,
1761104710193,2066,1,,,-1,,
1761104710193,2066,2,,,-1,,
1761104710222,2067,0,,,-1,,
1761104710222,2067,1,,,-1,,
1761104710222,2067,2,,,-1,,
1761104710251,2068,0,,,-1,,
1761104710251,2068,1,,,-1,,
1761104710251,2068,2,,,-1,,
1761104710280,2069,0,,,-1,,
1761104710280,2069,1,,,-1,,
1761104710280,2069,2,,,-1,,
1761104710310,2070,0,,,-1,,
1761104710310,2070,1,,,-1,,
1761104710310,2070,2,,,-1,,
1761104710339,2071,0,,,-1,,
1761104710339,2071,1,,,-1,,
1761104710339,2071,2,,,-1,,
1761104710369,2072,0,,,-1,,
1761104710369,2072,1,,,-1,,
1761104710369,2072,2,,,-1,,
1761104710398,2073,0,,,-1,,
1761104710398,2073,1,,,-1,,
1761104710398,2073,2,,,-1,,
1761104710427,2074,0,,,-1,,
1761104710427,2074,1,,,-1,,
1761104710427,2074,2,,,-1,,
1761104710456,2075,0,,,-1,,
1761104710456,2075,1,,,-1,,
1761104710456,2075,2,,,-1,,
1761104710485,2076,0,,,-1,,
1761104710485,2076,1,,,-1,,
1761104710485,2076,2,,,-1,,
1761104710515,2077,0,,,-1,,
1761104710515,2077,1,,,-1,,
1761104710515,2077,2,,,-1,,
1761104710545,2078,0,,,-1,,
1761104710545,2078,1,,,-1,,
1761104710545,2078,2,,,-1,,
1761104710575,2079,0,,,-1,,
1761104710575,2079,1,,,-1,,
1761104710575,2079,2,,,-1,,
1761104710605,2080,0,,,-1,,
1761104710605,2080,1,,,-1,,
1761104710605,2080,2,,,-1,,
1761104710634,2081,0,,,-1,,
1761104710634,2081,1,,,-1,,
1761104710634,2081,2,,,-1,,
1761104710663,2082,0,,,-1,,
1761104710663,2082,1,,,-1,,
1761104710663,2082,2,,,-1,,
1761104710693,2083,0,,,-1,,
1761104710693,2083,1,,,-1,,
1761104710693,2083,2,,,-1,,
1761104710722,2084,0,,,-1,,
1761104710722,2084,1,,,-1,,
1761104710722,2084,2,,,-1,,
1761104710752,2085,0,,,-1,,
1761104710752,2085,1,,,-1,,
1761104710752,2085,2,,,-1,,
1761104710781,2086,0,,,-1,,
1761104710781,2086,1,,,-1,,
1761104710781,2086,2,,,-1,,
1761104710811,2087,0,,,-1,,
1761104710811,2087,1,,,-1,,
1761104710811,2087,2,,,-1,,
1761104710841,2088,0,,,-1,,
1761104710841,2088,1,,,-1,,
1761104710841,2088,2,,,-1,,
1761104710870,2089,0,,,-1,,
1761104710870,2089,1,,,-1,,
1761104710870,2089,2,,,-1,,
1761104710900,2090,0,,,-1,,
1761104710900,2090,1,,,-1,,
1761104710900,2090,2,,,-1,,
1761104710930,2091,0,,,-1,,
1761104710930,2091,1,,,-1,,
1761104710930,2091,2,,,-1,,
1761104710960,2092,0,,,-1,,
1761104710960,2092,1,,,-1,,
1761104710960,2092,2,,,-1,,
1761104710991,2093,0,,,-1,,
1761104710991,2093,1,,,-1,,
1761104710991,2093,2,,,-1,,
1761104711022,2094,0,,,-1,,
1761104711022,2094,1,,,-1,,
1761104711022,2094,2,,,-1,,
1761104711053,2095,0,,,-1,,
1761104711053,2095,1,,,-1,,
1761104711053,2095,2,,,-1,,
1761104711083,2096,0,,,-1,,
1761104711083,2096,1,,,-1,,
1761104711083,2096,2,,,-1,,
1761104711113,2097,0,,,-1,,
1761104711113,2097,1,,,-1,,
1761104711113,2097,2,,,-1,,
1761104711143,2098,0,,,-1,,
1761104711143,2098,1,,,-1,,
1761104711143,2098,2,,,-1,,
1761104711173,2099,0,,,-1,,
1761104711173,2099,1,,,-1,,
1761104711173,2099,2,,,-1,,
1761104711203,2100,0,,,-1,,
1761104711203,2100,1,,,-1,,
1761104711203,2100,2,,,-1,,
1761104711233,2101,0,,,-1,,
1761104711233,2101,1,,,-1,,
1761104711233,2101,2,,,-1,,
1761104711263,2102,0,,,-1,,
1761104711263,2102,1,,,-1,,
1761104711263,2102,2,,,-1,,
1761104711293,2103,0,,,-1,,
1761104711293,2103,1,,,-1,,
1761104711293,2103,2,,,-1,,
1761104711323,2104,0,,,-1,,
1761104711323,2104,1,,,-1,,
1761104711323,2104,2,,,-1,,
1761104711354,2105,0,,,-1,,
1761104711354,2105,1,,,-1,,
1761104711354,2105,2,,,-1,,
1761104711384,2106,0,,,-1,,
1761104711384,2106,1,,,-1,,
1761104711384,2106,2,,,-1,,
1761104711414,2107,0,,,-1,,
1761104711414,2107,1,,,-1,,
1761104711414,2107,2,,,-1,,
1761104711444,2108,0,,,-1,,
1761104711444,2108,1,,,-1,,
1761104711444,2108,2,,,-1,,
1761104711474,2109,0,,,-1,,
1761104711474,2109,1,,,-1,,
1761104711474,2109,2,,,-1,,
1761104711504,2110,0,,,-1,,
1761104711504,2110,1,,,-1,,
1761104711504,2110,2,,,-1,,
1761104711535,2111,0,,,-1,,
1761104711535,2111,1,,,-1,,
1761104711535,2111,2,,,-1,,
1761104711565,2112,0,,,-1,,
1761104711565,2112,1,,,-1,,
1761104711565,2112,2,,,-1,,
1761104711595,2113,0,,,-1,,
1761104711595,2113,1,,,-1,,
1761104711595,2113,2,,,-1,,
1761104711626,2114,0,,,-1,,
1761104711626,2114,1,,,-1,,
1761104711626,2114,2,,,-1,,
1761104711657,2115,0,,,-1,,
1761104711657,2115,1,,,-1,,
1761104711657,2115,2,,,-1,,
1761104711687,2116,0,,,-1,,
1761104711687,2116,1,,,-1,,
1761104711687,2116,2,,,-1,,
1761104711717,2117,0,,,-1,,
1761104711717,2117,1,,,-1,,
1761104711717,2117,2,,,-1,,
1761104711747,2118,0,,,-1,,
1761104711747,2118,1,,,-1,,
1761104711747,2118,2,,,-1,,
1761104711778,2119,0,,,-1,,
1761104711778,2119,1,,,-1,,
1761104711778,2119,2,,,-1,,
1761104711808,2120,0,,,-1,,
1761104711808,2120,1,,,-1,,
1761104711808,2120,2,,,-1,,
1761104711838,2121,0,,,-1,,
1761104711838,2121,1,,,-1,,
1761104711838,2121,2,,,-1,,
1761104711868,2122,0,,,-1,,
1761104711868,2122,1,,,-1,,
1761104711868,2122,2,,,-1,,
1761104711899,2123,0,,,-1,,
1761104711899,2123,1,,,-1,,
1761104711899,2123,2,,,-1,,
1761104711930,2124,0,,,-1,,
1761104711930,2124,1,,,-1,,
1761104711930,2124,2,,,-1,,
1761104711960,2125,0,,,-1,,
1761104711960,2125,1,,,-1,,
1761104711960,2125,2,,,-1,,
1761104711991,2126,0,,,-1,,
1761104711991,2126,1,,,-1,,
1761104711991,2126,2,,,-1,,
1761104712021,2127,0,,,-1,,
1761104712021,2127,1,,,-1,,
1761104712021,2127,2,,,-1,,
1761104712052,2128,0,,,-1,,
1761104712052,2128,1,,,-1,,
1761104712052,2128,2,,,-1,,
1761104712082,2129,0,,,-1,,
1761104712082,2129,1,,,-1,,
1761104712082,2129,2,,,-1,,
1761104712113,2130,0,,,-1,,
1761104712113,2130,1,,,-1,,
1761104712113,2130,2,,,-1,,
1761104712143,2131,0,,,-1,,
1761104712143,2131,1,,,-1,,
1761104712143,2131,2,,,-1,,
1761104712173,2132,0,,,-1,,
1761104712173,2132,1,,,-1,,
1761104712173,2132,2,,,-1,,
1761104712204,2133,0,,,-1,,
1761104712204,2133,1,,,-1,,
1761104712204,2133,2,,,-1,,
1761104712234,2134,0,,,-1,,
1761104712234,2134,1,,,-1,,
1761104712234,2134,2,,,-1,,
1761104712265,2135,0,,,-1,,
1761104712265,2135,1,,,-1,,
1761104712265,2135,2,,,-1,,
1761104712295,2136,0,,,-1,,
1761104712295,2136,1,,,-1,,
1761104712295,2136,2,,,-1,,
1761104712326,2137,0,,,-1,,
1761104712326,2137,1,,,-1,,
1761104712326,2137,2,,,-1,,
1761104712356,2138,0,,,-1,,
1761104712356,2138,1,,,-1,,
1761104712356,2138,2,,,-1,,
1761104712387,2139,0,,,-1,,
1761104712387,2139,1,,,-1,,
1761104712387,2139,2,,,-1,,
1761104712418,2140,0,,,-1,,
1761104712418,2140,1,,,-1,,
1761104712418,2140,2,,,-1,,
1761104712448,2141,0,,,-1,,
1761104712448,2141,1,,,-1,,
1761104712448,2141,2,,,-1,,
1761104712479,2142,0,,,-1,,
1761104712479,2142,1,,,-1,,
1761104712479,2142,2,,,-1,,
1761104712509,2143,0,,,-1,,
1761104712509,2143,1,,,-1,,
1761104712509,2143,2,,,-1,,
1761104712540,2144,0,,,-1,,
1761104712540,2144,1,,,-1,,
1761104712540,2144,2,,,-1,,
1761104712570,2145,0,,,-1,,
1761104712570,2145,1,,,-1,,
1761104712571,2145,2,,,-1,,
1761104712602,2146,0,,,-1,,
1761104712602,2146,1,,,-1,,
1761104712602,2146,2,,,-1,,
1761104712634,2147,0,,,-1,,
1761104712634,2147,1,,,-1,,
1761104712634,2147,2,,,-1,,
1761104712665,2148,0,,,-1,,
1761104712665,2148,1,,,-1,,
1761104712665,2148,2,,,-1,,
1761104712696,2149,0,,,-1,,
1761104712696,2149,1,,,-1,,
1761104712696,2149,2,,,-1,,
1761104712726,2150,0,,,-1,,
1761104712726,2150,1,,,-1,,
1761104712726,2150,2,,,-1,,
1761104712757,2151,0,,,-1,,
1761104712757,2151,1,,,-1,,
1761104712757,2151,2,,,-1,,
1761104712788,2152,0,,,-1,,
1761104712788,2152,1,,,-1,,
1761104712788,2152,2,,,-1,,
1761104712818,2153,0,,,-1,,
1761104712818,2153,1,,,-1,,
1761104712818,2153,2,,,-1,,
1761104712850,2154,0,,,-1,,
1761104712850,2154,1,,,-1,,
1761104712850,2154,2,,,-1,,
1761104712881,2155,0,,,-1,,
1761104712881,2155,1,,,-1,,
1761104712881,2155,2,,,-1,,
1761104712912,2156,0,,,-1,,
1761104712912,2156,1,,,-1,,
1761104712912,2156,2,,,-1,,
1761104712944,2157,0,,,-1,,
1761104712944,2157,1,,,-1,,
1761104712944,2157,2,,,-1,,
1761104712975,2158,0,,,-1,,
1761104712975,2158,1,,,-1,,
1761104712975,2158,2,,,-1,,
1761104713007,2159,0,,,-1,,
1761104713007,2159,1,,,-1,,
1761104713007,2159,2,,,-1,,
1761104713039,2160,0,,,-1,,
1761104713039,2160,1,,,-1,,
1761104713039,2160,2,,,-1,,
1761104713072,2161,0,,,-1,,
1761104713072,2161,1,,,-1,,
1761104713072,2161,2,,,-1,,
1761104713104,2162,0,,,-1,,
1761104713104,2162,1,,,-1,,
1761104713104,2162,2,,,-1,,
1761104713135,2163,0,,,-1,,
1761104713135,2163,1,,,-1,,
1761104713135,2163,2,,,-1,,
1761104713167,2164,0,,,-1,,
1761104713167,2164,1,,,-1,,
1761104713167,2164,2,,,-1,,
1761104713198,2165,0,,,-1,,
1761104713198,2165,1,,,-1,,
1761104713198,2165,2,,,-1,,
1761104713230,2166,0,,,-1,,
1761104713230,2166,1,,,-1,,
1761104713230,2166,2,,,-1,,
1761104713262,2167,0,,,-1,,
1761104713262,2167,1,,,-1,,
1761104713262,2167,2,,,-1,,
1761104713294,2168,0,,,-1,,
1761104713294,2168,1,,,-1,,
1761104713294,2168,2,,,-1,,
1761104713326,2169,0,,,-1,,
1761104713326,2169,1,,,-1,,
1761104713326,2169,2,,,-1,,
1761104713358,2170,0,,,-1,,
1761104713358,2170,1,,,-1,,
1761104713358,2170,2,,,-1,,
1761104713390,2171,0,,,-1,,
1761104713390,2171,1,,,-1,,
1761104713390,2171,2,,,-1,,
1761104713421,2172,0,,,-1,,
1761104713421,2172,1,,,-1,,
1761104713421,2172,2,,,-1,,
1761104713453,2173,0,,,-1,,
1761104713453,2173,1,,,-1,,
1761104713453,2173,2,,,-1,,
1761104713484,2174,0,,,-1,,
1761104713484,2174,1,,,-1,,
1761104713484,2174,2,,,-1,,
1761104713516,2175,0,,,-1,,
1761104713516,2175,1,,,-1,,
1761104713516,2175,2,,,-1,,
1761104713548,2176,0,,,-1,,
1761104713548,2176,1,,,-1,,
1761104713548,2176,2,,,-1,,
1761104713579,2177,0,,,-1,,
1761104713579,2177,1,,,-1,,
1761104713579,2177,2,,,-1,,
1761104713611,2178,0,,,-1,,
1761104713611,2178,1,,,-1,,
1761104713611,2178,2,,,-1,,
1761104713643,2179,0,,,-1,,
1761104713643,2179,1,,,-1,,
1761104713643,2179,2,,,-1,,
1761104713674,2180,0,,,-1,,
1761104713674,2180,1,,,-1,,
1761104713674,2180,2,,,-1,,
1761104713706,2181,0,,,-1,,
1761104713706,2181,1,,,-1,,
1761104713706,2181,2,,,-1,,
1761104713738,2182,0,,,-1,,
1761104713738,2182,1,,,-1,,
1761104713738,2182,2,,,-1,,
1761104713770,2183,0,,,-1,,
1761104713770,2183,1,,,-1,,
1761104713770,2183,2,,,-1,,
1761104713801,2184,0,,,-1,,
1761104713801,2184,1,,,-1,,
1761104713801,2184,2,,,-1,,
1761104713833,2185,0,,,-1,,
1761104713833,2185,1,,,-1,,
1761104713833,2185,2,,,-1,,
1761104713865,2186,0,,,-1,,
1761104713865,2186,1,,,-1,,
1761104713865,2186,2,,,-1,,
1761104713897,2187,0,,,-1,,
1761104713897,2187,1,,,-1,,
1761104713897,2187,2,,,-1,,
1761104713930,2188,0,,,-1,,
1761104713930,2188,1,,,-1,,
1761104713930,2188,2,,,-1,,
1761104713962,2189,0,,,-1,,
1761104713962,2189,1,,,-1,,
1761104713962,2189,2,,,-1,,
1761104713994,2190,0,,,-1,,
1761104713994,2190,1,,,-1,,
1761104713994,2190,2,,,-1,,
1761104714026,2191,0,,,-1,,
1761104714026,2191,1,,,-1,,
1761104714026,2191,2,,,-1,,
1761104714058,2192,0,,,-1,,
1761104714058,2192,1,,,-1,,
1761104714058,2192,2,,,-1,,
1761104714089,2193,0,,,-1,,
1761104714089,2193,1,,,-1,,
1761104714090,2193,2,,,-1,,
1761104714121,2194,0,,,-1,,
1761104714121,2194,1,,,-1,,
1761104714121,2194,2,,,-1,,
1761104714154,2195,0,,,-1,,
1761104714154,2195,1,,,-1,,
1761104714154,2195,2,,,-1,,
1761104714186,2196,0,,,-1,,
1761104714186,2196,1,,,-1,,
1761104714186,2196,2,,,-1,,
1761104714218,2197,0,,,-1,,
1761104714218,2197,1,,,-1,,
1761104714218,2197,2,,,-1,,
1761104714250,2198,0,,,-1,,
1761104714250,2198,1,,,-1,,
1761104714250,2198,2,,,-1,,
1761104714283,2199,0,,,-1,,
1761104714283,2199,1,,,-1,,
1761104714283,2199,2,,,-1,,
1761104714315,2200,0,,,-1,,
1761104714315,2200,1,,,-1,,
1761104714315,2200,2,,,-1,,
1761104714347,2201,0,,,-1,,
1761104714347,2201,1,,,-1,,
1761104714347,2201,2,,,-1,,
1761104714380,2202,0,,,-1,,
1761104714380,2202,1,,,-1,,
1761104714380,2202,2,,,-1,,
1761104714412,2203,0,,,-1,,
1761104714412,2203,1,,,-1,,
1761104714412,2203,2,,,-1,,
1761104714444,2204,0,,,-1,,
1761104714444,2204,1,,,-1,,
1761104714444,2204,2,,,-1,,
1761104714476,2205,0,,,-1,,
1761104714476,2205,1,,,-1,,
1761104714476,2205,2,,,-1,,
1761104714508,2206,0,,,-1,,
1761104714508,2206,1,,,-1,,
1761104714508,2206,2,,,-1,,
1761104714540,2207,0,,,-1,,
1761104714540,2207,1,,,-1,,
1761104714540,2207,2,,,-1,,
1761104714572,2208,0,,,-1,,
1761104714572,2208,1,,,-1,,
1761104714572,2208,2,,,-1,,
1761104714604,2209,0,,,-1,,
1761104714604,2209,1,,,-1,,
1761104714604,2209,2,,,-1,,
1761104714637,2210,0,,,-1,,
1761104714637,2210,1,,,-1,,
1761104714637,2210,2,,,-1,,
1761104714670,2211,0,,,-1,,
1761104714670,2211,1,,,-1,,
1761104714670,2211,2,,,-1,,
1761104714703,2212,0,,,-1,,
1761104714703,2212,1,,,-1,,
1761104714703,2212,2,,,-1,,
1761104714735,2213,0,,,-1,,
1761104714735,2213,1,,,-1,,
1761104714735,2213,2,,,-1,,
1761104714767,2214,0,,,-1,,
1761104714767,2214,1,,,-1,,
1761104714767,2214,2,,,-1,,
1761104714799,2215,0,,,-1,,
1761104714800,2215,1,,,-1,,
1761104714800,2215,2,,,-1,,
1761104714832,2216,0,,,-1,,
1761104714832,2216,1,,,-1,,
1761104714832,2216,2,,,-1,,
1761104714865,2217,0,,,-1,,
1761104714865,2217,1,,,-1,,
1761104714865,2217,2,,,-1,,
1761104714898,2218,0,,,-1,,
1761104714898,2218,1,,,-1,,
1761104714898,2218,2,,,-1,,
1761104714931,2219,0,,,-1,,
1761104714931,2219,1,,,-1,,
1761104714931,2219,2,,,-1,,
1761104714964,2220,0,,,-1,,
1761104714964,2220,1,,,-1,,
1761104714964,2220,2,,,-1,,
1761104714997,2221,0,,,-1,,
1761104714997,2221,1,,,-1,,
1761104714997,2221,2,,,-1,,
1761104715030,2222,0,,,-1,,
1761104715030,2222,1,,,-1,,
1761104715030,2222,2,,,-1,,
1761104715064,2223,0,,,-1,,
1761104715064,2223,1,,,-1,,
1761104715064,2223,2,,,-1,,
1761104715098,2224,0,,,-1,,
1761104715098,2224,1,,,-1,,
1761104715098,2224,2,,,-1,,
1761104715131,2225,0,,,-1,,
1761104715131,2225,1,,,-1,,
1761104715131,2225,2,,,-1,,
1761104715165,2226,0,,,-1,,
1761104715165,2226,1,,,-1,,
1761104715165,2226,2,,,-1,,
1761104715198,2227,0,,,-1,,
1761104715198,2227,1,,,-1,,
1761104715198,2227,2,,,-1,,
1761104715231,2228,0,,,-1,,
1761104715231,2228,1,,,-1,,
1761104715231,2228,2,,,-1,,
1761104715264,2229,0,,,-1,,
1761104715264,2229,1,,,-1,,
1761104715264,2229,2,,,-1,,
1761104715297,2230,0,,,-1,,
1761104715297,2230,1,,,-1,,
1761104715297,2230,2,,,-1,,
1761104715331,2231,0,,,-1,,
1761104715331,2231,1,,,-1,,
1761104715331,2231,2,,,-1,,
1761104715364,2232,0,,,-1,,
1761104715364,2232,1,,,-1,,
1761104715364,2232,2,,,-1,,
1761104715397,2233,0,,,-1,,
1761104715397,2233,1,,,-1,,
1761104715397,2233,2,,,-1,,
1761104715430,2234,0,,,-1,,
1761104715430,2234,1,,,-1,,
1761104715430,2234,2,,,-1,,
1761104715463,2235,0,,,-1,,
1761104715463,2235,1,,,-1,,
1761104715463,2235,2,,,-1,,
1761104715496,2236,0,,,-1,,
1761104715496,2236,1,,,-1,,
1761104715496,2236,2,,,-1,,
1761104715530,2237,0,,,-1,,
1761104715530,2237,1,,,-1,,
1761104715530,2237,2,,,-1,,
1761104715563,2238,0,,,-1,,
1761104715563,2238,1,,,-1,,
1761104715563,2238,2,,,-1,,
1761104715596,2239,0,,,-1,,
1761104715596,2239,1,,,-1,,
1761104715596,2239,2,,,-1,,
1761104715629,2240,0,,,-1,,
1761104715629,2240,1,,,-1,,
1761104715629,2240,2,,,-1,,
1761104715662,2241,0,,,-1,,
1761104715662,2241,1,,,-1,,
1761104715662,2241,2,,,-1,,
1761104715695,2242,0,,,-1,,
1761104715695,2242,1,,,-1,,
1761104715695,2242,2,,,-1,,
1761104715728,2243,0,,,-1,,
1761104715729,2243,1,,,-1,,
1761104715729,2243,2,,,-1,,
1761104715762,2244,0,,,-1,,
1761104715762,2244,1,,,-1,,
1761104715762,2244,2,,,-1,,
1761104715795,2245,0,,,-1,,
1761104715795,2245,1,,,-1,,
1761104715795,2245,2,,,-1,,
1761104715828,2246,0,,,-1,,
1761104715828,2246,1,,,-1,,
1761104715828,2246,2,,,-1,,
1761104715861,2247,0,,,-1,,
1761104715861,2247,1,,,-1,,
1761104715861,2247,2,,,-1,,
1761104715895,2248,0,,,-1,,
1761104715895,2248,1,,,-1,,
1761104715895,2248,2,,,-1,,
1761104715928,2249,0,,,-1,,
1761104715928,2249,1,,,-1,,
1761104715928,2249,2,,,-1,,
1761104715961,2250,0,,,-1,,
1761104715961,2250,1,,,-1,,
1761104715961,2250,2,,,-1,,
1761104715995,2251,0,,,-1,,
1761104715995,2251,1,,,-1,,
1761104715995,2251,2,,,-1,,
1761104717838,2252,0,,,-1,,
1761104717838,2252,1,,,-1,,
1761104717838,2252,2,,,-1,,
1761104717867,2253,0,,,-1,,
1761104717867,2253,1,,,-1,,
1761104717867,2253,2,,,-1,,
1761104717896,2254,0,,,-1,,
1761104717896,2254,1,,,-1,,
1761104717896,2254,2,,,-1,,
1761104717925,2255,0,,,-1,,
1761104717925,2255,1,,,-1,,
1761104717925,2255,2,,,-1,,
1761104717954,2256,0,,,-1,,
1761104717954,2256,1,,,-1,,
1761104717954,2256,2,,,-1,,
